Date,Close/Last,Volume,Open,High,Low,Days
09/19/2024,243.92,"102,694,600.00",234.00,244.24,232.13,1257
09/18/2024,227.20,"78,010,200.00",230.09,235.68,226.88,1256
09/17/2024,227.87,"66,761,640.00",229.45,234.57,226.55,1255
09/16/2024,226.78,"54,323,000.00",229.30,229.96,223.53,1254
09/13/2024,230.29,"59,515,110.00",228.00,232.67,226.32,1253
09/12/2024,229.81,"72,020,040.00",224.66,231.45,223.83,1252
09/11/2024,228.13,"83,548,630.00",224.55,228.47,216.80,1251
09/10/2024,226.17,"78,891,140.00",220.07,226.40,218.64,1250
09/09/2024,216.27,"67,443,520.00",216.20,219.87,213.67,1249
09/06/2024,210.73,"112,177,000.00",232.60,233.60,210.51,1248
09/05/2024,230.17,"119,355,000.00",223.49,235.00,222.25,1247
09/04/2024,219.41,"80,651,770.00",210.59,222.22,210.57,1246
09/03/2024,210.60,"76,714,220.00",215.26,219.90,209.64,1245
08/30/2024,214.11,"63,370,610.00",208.63,214.57,207.03,1244
08/29/2024,206.28,"62,308,820.00",209.80,214.89,205.97,1243
08/28/2024,205.75,"64,116,350.00",209.72,211.84,202.59,1242
08/27/2024,209.21,"62,821,390.00",213.25,215.66,206.94,1241
08/26/2024,213.21,"59,301,190.00",218.75,219.09,211.01,1240
08/23/2024,220.32,"81,525,210.00",214.46,221.48,214.21,1239
08/22/2024,210.66,"79,514,480.00",223.82,224.80,210.32,1238
08/21/2024,223.27,"70,145,960.00",222.67,224.66,218.86,1237
08/20/2024,221.10,"74,001,180.00",224.88,228.22,219.56,1236
08/19/2024,222.72,"76,435,220.00",217.07,222.98,214.09,1235
08/16/2024,216.12,"88,765,120.00",211.15,219.80,210.80,1234
08/15/2024,214.14,"89,848,530.00",205.02,215.88,204.82,1233
08/14/2024,201.38,"70,250,010.00",207.39,208.44,198.75,1232
08/13/2024,207.83,"76,247,390.00",198.47,208.49,197.06,1231
08/12/2024,197.49,"64,044,900.00",199.02,199.26,194.67,1230
08/09/2024,200.00,"58,648,270.00",197.05,200.88,195.11,1229
08/08/2024,198.84,"65,033,870.00",195.70,200.70,192.04,1228
08/07/2024,191.76,"71,159,780.00",200.77,203.49,191.48,1227
08/06/2024,200.64,"73,783,940.00",200.75,202.90,192.67,1226
08/05/2024,198.88,"100,308,800.00",185.22,203.88,182.00,1225
08/02/2024,207.67,"82,880,120.00",214.88,216.13,205.78,1224
08/01/2024,216.86,"83,861,900.00",227.69,231.87,214.33,1223
07/31/2024,232.07,"67,497,010.00",227.90,234.68,226.79,1222
07/30/2024,222.62,"100,560,300.00",232.25,232.41,220.00,1221
07/29/2024,232.10,"129,201,800.00",224.90,234.27,224.70,1220
07/26/2024,219.80,"94,604,150.00",221.19,222.28,215.33,1219
07/25/2024,220.25,"100,636,500.00",216.80,226.00,216.23,1218
07/24/2024,215.99,"167,942,900.00",225.42,225.99,214.71,1217
07/23/2024,246.38,"111,928,200.00",253.60,255.76,245.63,1216
07/22/2024,251.51,"101,225,400.00",244.21,253.21,243.75,1215
07/19/2024,239.20,"87,403,900.00",247.79,249.44,236.83,1214
07/18/2024,249.23,"110,869,000.00",251.09,257.14,247.20,1213
07/17/2024,248.50,"115,584,800.00",252.73,258.47,246.18,1212
07/16/2024,256.56,"126,332,500.00",255.31,258.62,245.80,1211
07/15/2024,252.64,"146,912,900.00",255.97,265.60,251.73,1210
07/12/2024,248.23,"155,955,800.00",235.80,251.84,233.09,1209
07/11/2024,241.03,"221,707,300.00",263.30,271.00,239.65,1208
07/10/2024,263.26,"128,519,400.00",262.80,267.59,257.86,1207
07/09/2024,262.33,"160,742,500.00",251.00,265.61,250.30,1206
07/08/2024,252.94,"157,219,600.00",247.71,259.44,244.57,1205
07/05/2024,251.52,"154,501,200.00",249.81,252.37,242.46,1204
07/03/2024,246.39,"166,561,500.00",234.56,248.35,234.25,1203
07/02/2024,231.26,"205,047,900.00",218.89,231.30,218.06,1202
07/01/2024,209.86,"135,691,400.00",201.02,213.23,200.85,1201
06/28/2024,197.88,"95,438,070.00",199.55,203.20,195.26,1200
06/27/2024,197.42,"72,746,520.00",195.17,198.72,194.05,1199
06/26/2024,196.37,"95,737,070.00",186.54,197.76,186.36,1198
06/25/2024,187.35,"63,678,270.00",184.40,187.97,182.01,1197
06/24/2024,182.58,"61,992,070.00",184.97,188.80,182.55,1196
06/21/2024,183.01,"63,029,480.00",182.30,183.95,180.69,1195
06/20/2024,181.57,"55,893,140.00",184.68,185.21,179.66,1194
06/18/2024,184.86,"68,982,270.00",186.56,187.20,182.37,1193
06/17/2024,187.44,"109,786,100.00",177.92,188.81,177.00,1192
06/14/2024,178.01,"82,038,190.00",185.80,186.00,176.92,1191
06/13/2024,182.47,"118,984,100.00",188.39,191.08,181.23,1190
06/12/2024,177.29,"90,389,450.00",171.12,180.55,169.80,1189
06/11/2024,170.66,"64,761,930.00",173.92,174.75,167.41,1188
06/10/2024,173.79,"50,869,680.00",176.06,178.57,173.17,1187
06/07/2024,177.48,"56,244,930.00",176.13,179.35,175.58,1186
06/06/2024,177.94,"69,887,020.00",174.60,179.73,172.73,1185
06/05/2024,175.00,"57,953,760.00",175.35,176.15,172.13,1184
06/04/2024,174.77,"60,056,340.00",174.78,177.76,174.00,1183
06/03/2024,176.29,"68,568,920.00",178.13,182.64,174.49,1182
05/31/2024,178.08,"67,314,600.00",178.50,180.32,173.82,1181
05/30/2024,178.79,"77,784,760.00",178.58,182.67,175.38,1180
05/29/2024,176.19,"54,782,650.00",174.19,178.15,173.93,1179
05/28/2024,176.75,"59,736,620.00",176.40,178.25,173.16,1178
05/24/2024,179.24,"65,584,480.00",174.84,180.08,173.73,1177
05/23/2024,173.74,"71,975,500.00",181.80,181.90,173.26,1176
05/22/2024,180.11,"88,313,480.00",182.85,183.80,178.12,1175
05/21/2024,186.60,"115,266,500.00",175.51,186.88,174.71,1174
05/20/2024,174.95,"61,727,430.00",177.56,177.75,173.52,1173
05/17/2024,177.46,"77,445,850.00",173.55,179.63,172.75,1172
05/16/2024,174.84,"59,812,220.00",174.10,175.79,171.43,1171
05/15/2024,173.99,"79,662,990.00",179.90,180.00,173.11,1170
05/14/2024,177.55,"86,407,420.00",174.50,179.49,174.07,1169
05/13/2024,171.89,"67,018,900.00",170.00,175.40,169.00,1168
05/10/2024,168.47,"72,627,180.00",173.05,173.06,167.75,1167
05/09/2024,171.97,"65,950,290.00",175.01,175.62,171.37,1166
05/08/2024,174.72,"79,969,490.00",171.59,176.06,170.15,1165
05/07/2024,177.81,"75,045,850.00",182.40,183.26,177.40,1164
05/06/2024,184.76,"84,390,250.00",183.80,187.56,182.20,1163
05/03/2024,181.19,"75,491,540.00",182.10,184.78,178.42,1162
05/02/2024,180.01,"89,148,040.00",182.86,184.60,176.02,1161
05/01/2024,179.99,"92,829,720.00",182.00,185.86,179.01,1160
04/30/2024,183.28,"127,031,800.00",186.98,190.95,182.84,1159
04/29/2024,194.05,"243,869,700.00",188.42,198.87,184.54,1158
04/26/2024,168.29,"109,815,700.00",168.85,172.12,166.37,1157
04/25/2024,170.18,"126,427,500.00",158.96,170.88,158.36,1156
04/24/2024,162.13,"181,178,000.00",162.84,167.97,157.51,1155
04/23/2024,144.68,"124,545,100.00",143.33,147.26,141.11,1154
04/22/2024,142.05,"107,097,600.00",140.56,144.44,138.80,1153
04/19/2024,147.05,"87,074,500.00",148.97,150.94,146.22,1152
04/18/2024,149.93,"96,098,830.00",151.25,152.20,148.70,1151
04/17/2024,155.45,"82,439,720.00",157.64,158.33,153.78,1150
04/16/2024,157.11,"96,999,960.00",156.74,158.19,153.75,1149
04/15/2024,161.48,"100,245,300.00",170.24,170.69,161.38,1148
04/12/2024,171.05,"64,722,670.00",172.34,173.81,170.36,1147
04/11/2024,174.60,"94,515,990.00",172.55,175.88,168.51,1146
04/10/2024,171.76,"84,532,410.00",173.04,174.93,170.01,1145
04/09/2024,176.88,"103,232,700.00",172.91,179.22,171.92,1144
04/08/2024,172.98,"104,423,300.00",169.34,174.50,167.79,1143
04/05/2024,164.90,"143,157,600.00",169.08,170.86,160.51,1142
04/04/2024,171.11,"123,162,000.00",170.07,177.19,168.01,1141
04/03/2024,168.38,"82,950,140.00",164.02,168.82,163.28,1140
04/02/2024,166.63,"116,650,600.00",164.75,167.69,163.43,1139
04/01/2024,175.22,"81,562,130.00",176.17,176.75,170.21,1138
03/28/2024,175.79,"77,654,840.00",177.45,179.57,175.30,1137
03/27/2024,179.83,"81,804,040.00",181.41,181.91,176.00,1136
03/26/2024,177.67,"113,186,200.00",178.58,184.25,177.38,1135
03/25/2024,172.63,"74,228,620.00",168.76,175.24,168.73,1134
03/22/2024,170.83,"75,580,640.00",166.69,171.20,166.30,1133
03/21/2024,172.82,"73,178,010.00",176.39,178.18,171.80,1132
03/20/2024,175.66,"83,846,730.00",173.00,176.25,170.82,1131
03/19/2024,171.32,"77,271,430.00",172.36,172.82,167.42,1130
03/18/2024,173.80,"108,214,400.00",170.02,174.72,165.90,1129
03/15/2024,163.57,"97,146,830.00",163.16,165.18,160.76,1128
03/14/2024,162.50,"126,325,700.00",167.77,171.17,160.51,1127
03/13/2024,169.48,"106,524,500.00",173.05,176.05,169.15,1126
03/12/2024,177.54,"87,391,680.00",177.77,179.43,172.41,1125
03/11/2024,177.77,"85,391,530.00",175.45,182.87,174.80,1124
03/08/2024,175.34,"85,544,640.00",181.50,182.73,174.70,1123
03/07/2024,178.65,"102,129,000.00",174.35,180.04,173.70,1122
03/06/2024,176.54,"107,920,900.00",179.99,181.58,173.70,1121
03/05/2024,180.74,"119,660,800.00",183.05,184.59,177.57,1120
03/04/2024,188.14,"134,334,900.00",198.73,199.75,186.72,1119
03/01/2024,202.64,"82,243,120.00",200.52,204.52,198.50,1118
02/29/2024,201.88,"85,906,970.00",204.18,205.28,198.45,1117
02/28/2024,202.04,"99,806,170.00",200.42,205.30,198.44,1116
02/27/2024,199.73,"108,645,400.00",204.04,205.60,198.26,1115
02/26/2024,199.40,"111,747,100.00",192.29,201.78,192.00,1114
02/23/2024,191.97,"78,841,920.00",195.31,197.57,191.50,1113
02/22/2024,197.41,"92,739,460.00",194.00,198.32,191.36,1112
02/21/2024,194.77,"103,844,000.00",193.36,199.44,191.95,1111
02/20/2024,193.76,"104,545,800.00",196.13,198.60,189.13,1110
02/16/2024,199.95,"111,346,700.00",202.06,203.17,197.40,1109
02/15/2024,200.45,"120,831,800.00",189.16,200.88,188.86,1108
02/14/2024,188.71,"81,202,990.00",185.30,188.89,183.35,1107
02/13/2024,184.02,"86,759,480.00",183.99,187.26,182.11,1106
02/12/2024,188.13,"95,498,600.00",192.11,194.73,187.28,1105
02/09/2024,193.57,"84,476,350.00",190.18,194.12,189.48,1104
02/08/2024,189.56,"83,034,040.00",189.00,191.62,185.58,1103
02/07/2024,187.58,"111,535,200.00",188.18,189.79,182.68,1102
02/06/2024,185.10,"122,676,000.00",177.21,186.49,177.11,1101
02/05/2024,181.06,"134,294,400.00",184.26,184.68,175.01,1100
02/02/2024,187.91,"110,612,700.00",185.04,188.69,182.00,1099
02/01/2024,188.86,"91,843,280.00",188.50,189.88,184.28,1098
01/31/2024,187.29,"103,221,400.00",187.00,193.97,185.85,1097
01/30/2024,191.59,"109,982,300.00",195.33,196.36,190.61,1096
01/29/2024,190.93,"125,013,100.00",185.63,191.48,183.67,1095
01/26/2024,183.25,"107,343,200.00",185.50,186.78,182.10,1094
01/25/2024,182.63,"198,076,800.00",189.70,193.00,180.06,1093
01/24/2024,207.83,"123,369,900.00",211.88,212.73,206.77,1092
01/23/2024,209.14,"106,605,900.00",211.30,215.65,207.75,1091
01/22/2024,208.80,"117,952,500.00",212.26,217.80,206.27,1090
01/19/2024,212.19,"102,260,300.00",209.99,213.19,207.56,1089
01/18/2024,211.88,"108,595,400.00",216.88,217.45,208.74,1088
01/17/2024,215.55,"103,164,400.00",214.86,215.67,212.01,1087
01/16/2024,219.91,"115,355,000.00",215.10,223.49,212.18,1086
01/12/2024,218.89,"123,043,800.00",220.08,225.34,217.15,1085
01/11/2024,227.22,"105,873,600.00",230.57,230.93,225.37,1084
01/10/2024,233.94,"91,628,500.00",235.10,235.50,231.29,1083
01/09/2024,234.96,"96,705,660.00",238.11,238.96,232.04,1082
01/08/2024,240.45,"85,166,580.00",236.14,241.25,235.30,1081
01/05/2024,237.49,"92,488,940.00",236.86,240.12,234.90,1080
01/04/2024,237.93,"102,629,300.00",239.25,242.70,237.73,1079
01/03/2024,238.45,"121,082,600.00",244.98,245.68,236.32,1078
01/02/2024,248.42,"104,654,200.00",250.08,251.25,244.41,1077
12/29/2023,248.48,"100,891,600.00",255.10,255.19,247.43,1076
12/28/2023,253.18,"113,619,900.00",263.66,265.13,252.71,1075
12/27/2023,261.44,"106,494,400.00",258.35,263.34,257.52,1074
12/26/2023,256.61,"86,892,380.00",254.49,257.97,252.91,1073
12/22/2023,252.54,"93,370,090.00",256.76,258.22,251.37,1072
12/21/2023,254.50,"109,594,200.00",251.90,254.80,248.55,1071
12/20/2023,247.14,"125,097,000.00",256.41,259.84,247.00,1070
12/19/2023,257.22,"106,737,400.00",253.48,258.34,253.01,1069
12/18/2023,252.08,"116,416,500.00",253.78,258.74,251.36,1068
12/15/2023,253.50,"135,932,800.00",251.21,254.13,248.30,1067
12/14/2023,251.05,"160,829,200.00",241.22,253.88,240.79,1066
12/13/2023,239.29,"146,286,300.00",234.19,240.30,228.20,1065
12/12/2023,237.01,"95,328,310.00",238.55,238.99,233.87,1064
12/11/2023,239.74,"97,913,890.00",242.74,243.44,237.45,1063
12/08/2023,243.84,"103,126,800.00",240.27,245.27,239.27,1062
12/07/2023,242.64,"107,142,300.00",241.55,244.08,236.98,1061
12/06/2023,239.37,"126,436,200.00",242.92,246.57,239.17,1060
12/05/2023,238.72,"137,971,100.00",233.87,246.66,233.70,1059
12/04/2023,235.58,"104,099,800.00",235.75,239.37,233.29,1058
12/01/2023,238.83,"121,331,700.00",233.14,240.19,231.90,1057
11/30/2023,240.08,"132,353,200.00",245.14,245.22,236.91,1056
11/29/2023,244.14,"135,401,300.00",249.21,252.75,242.76,1055
11/28/2023,246.72,"148,549,900.00",236.68,247.00,234.01,1054
11/27/2023,236.08,"112,031,800.00",236.89,238.33,232.10,1053
11/24/2023,235.45,"65,125,200.00",233.75,238.75,232.33,1052
11/22/2023,234.21,"118,117,100.00",242.04,244.01,231.40,1051
11/21/2023,241.20,"122,288,000.00",235.04,243.62,233.34,1050
11/20/2023,235.60,"116,562,400.00",234.04,237.10,231.02,1049
11/17/2023,234.30,"142,766,200.00",232.00,237.39,226.54,1048
11/16/2023,233.59,"136,816,800.00",239.49,240.88,230.96,1047
11/15/2023,242.84,"150,354,000.00",239.29,246.70,236.45,1046
11/14/2023,237.41,"149,771,600.00",235.03,238.14,230.72,1045
11/13/2023,223.71,"140,447,600.00",215.60,225.40,211.61,1044
11/10/2023,214.65,"131,310,100.00",210.03,215.38,205.69,1043
11/09/2023,209.98,"142,110,500.00",219.75,220.80,206.68,1042
11/08/2023,222.11,"106,584,800.00",223.15,224.15,217.64,1041
11/07/2023,222.18,"116,900,100.00",219.98,223.12,215.72,1040
11/06/2023,219.27,"117,335,800.00",223.98,226.32,215.00,1039
11/03/2023,219.96,"119,534,800.00",221.15,226.37,218.40,1038
11/02/2023,218.51,"125,987,600.00",212.97,219.20,211.45,1037
11/01/2023,205.66,"121,661,700.00",204.04,205.99,197.85,1036
10/31/2023,200.84,"118,068,300.00",196.12,202.80,194.07,1035
10/30/2023,197.36,"136,448,200.00",209.28,210.88,194.67,1034
10/27/2023,207.30,"94,881,170.00",210.60,212.41,205.77,1033
10/26/2023,205.76,"115,112,600.00",211.32,214.80,204.88,1032
10/25/2023,212.42,"107,065,100.00",215.88,220.10,212.20,1031
10/24/2023,216.52,"118,231,100.00",216.50,222.05,214.11,1030
10/23/2023,212.08,"150,683,400.00",210.00,216.98,202.51,1029
10/20/2023,211.99,"138,010,100.00",217.01,218.86,210.42,1028
10/19/2023,220.11,"170,772,700.00",225.95,230.61,216.78,1027
10/18/2023,242.68,"125,147,800.00",252.70,254.63,242.08,1026
10/17/2023,254.85,"93,562,910.00",250.10,257.18,247.08,1025
10/16/2023,253.92,"88,917,180.00",250.05,255.40,248.48,1024
10/13/2023,251.12,"102,296,800.00",258.90,259.60,250.22,1023
10/12/2023,258.87,"111,508,100.00",262.92,265.41,256.63,1022
10/11/2023,262.99,"103,706,300.00",266.20,268.60,260.90,1021
10/10/2023,263.62,"122,656,000.00",257.75,268.94,257.65,1020
10/09/2023,259.67,"101,377,900.00",255.31,261.36,252.05,1019
10/06/2023,260.53,"118,121,800.00",253.98,261.65,250.65,1018
10/05/2023,260.05,"119,159,200.00",260.00,263.60,256.25,1017
10/04/2023,261.16,"129,721,600.00",248.14,261.86,247.60,1016
10/03/2023,246.53,"101,985,300.00",248.61,250.02,244.45,1015
10/02/2023,251.60,"123,810,400.00",244.81,254.28,242.62,1014
09/29/2023,250.22,"128,522,700.00",250.00,254.77,246.35,1013
09/28/2023,246.38,"117,058,900.00",240.02,247.55,238.65,1012
09/27/2023,240.50,"136,597,200.00",244.26,245.33,234.58,1011
09/26/2023,244.12,"101,993,600.00",242.98,249.55,241.66,1010
09/25/2023,246.99,"104,636,600.00",243.38,247.10,238.31,1009
09/22/2023,244.88,"127,524,100.00",257.40,257.79,244.48,1008
09/21/2023,255.70,"119,951,500.00",257.85,260.86,254.21,1007
09/20/2023,262.59,"122,514,600.00",267.04,273.93,262.46,1006
09/19/2023,266.50,"103,704,000.00",264.35,267.85,261.20,1005
09/18/2023,265.28,"101,543,300.00",271.16,271.44,263.76,1004
09/15/2023,274.39,"133,692,300.00",277.55,278.98,271.00,1003
09/14/2023,276.04,"107,709,800.00",271.32,276.71,270.42,1002
09/13/2023,271.30,"111,673,700.00",270.07,274.98,268.10,1001
09/12/2023,267.48,"135,999,900.00",270.76,278.39,266.60,1000
09/11/2023,273.58,"174,667,900.00",264.27,274.85,260.61,999
09/08/2023,248.50,"118,559,600.00",251.22,256.52,246.67,998
09/07/2023,251.49,"115,312,900.00",245.07,252.81,243.27,997
09/06/2023,251.92,"116,959,800.00",255.14,255.39,245.06,996
09/05/2023,256.49,"129,469,600.00",245.00,258.00,244.86,995
09/01/2023,245.01,"132,541,600.00",257.26,259.08,242.01,994
08/31/2023,258.08,"108,861,700.00",255.98,261.18,255.05,993
08/30/2023,256.90,"121,988,400.00",254.20,260.51,250.59,992
08/29/2023,257.18,"134,047,600.00",238.58,257.48,237.77,991
08/28/2023,238.82,"107,673,700.00",242.58,244.38,235.35,990
08/25/2023,238.59,"106,612,200.00",231.31,239.00,230.35,989
08/24/2023,230.04,"99,777,430.00",238.66,238.92,228.18,988
08/23/2023,236.86,"101,077,600.00",229.34,238.98,229.29,987
08/22/2023,233.19,"130,597,900.00",240.25,240.82,229.55,986
08/21/2023,231.28,"135,702,700.00",221.55,232.13,220.58,985
08/18/2023,215.49,"136,276,600.00",214.12,217.58,212.36,984
08/17/2023,219.22,"120,718,400.00",226.06,226.74,218.83,983
08/16/2023,225.60,"112,484,500.00",228.02,233.97,225.38,982
08/15/2023,232.96,"88,197,600.00",238.73,240.50,232.61,981
08/14/2023,239.76,"98,595,330.00",235.70,240.66,233.75,980
08/11/2023,242.65,"99,038,640.00",241.77,243.79,238.02,979
08/10/2023,245.34,"109,498,600.00",245.40,251.80,243.00,978
08/09/2023,242.19,"101,596,300.00",250.87,251.10,241.90,977
08/08/2023,249.70,"96,642,180.00",247.45,250.92,245.01,976
08/07/2023,251.45,"111,097,900.00",251.45,253.65,242.76,975
08/04/2023,253.86,"99,539,910.00",260.97,264.77,253.11,974
08/03/2023,259.32,"97,829,550.00",252.04,260.49,252.00,973
08/02/2023,254.11,"101,752,900.00",255.57,259.52,250.49,972
08/01/2023,261.07,"83,645,720.00",266.26,266.47,260.25,971
07/31/2023,267.43,"84,582,170.00",267.48,269.08,263.78,970
07/28/2023,266.44,"111,446,000.00",259.86,267.25,258.23,969
07/27/2023,255.71,"103,697,300.00",268.31,269.13,255.30,968
07/26/2023,264.35,"95,856,180.00",263.25,268.04,261.75,967
07/25/2023,265.28,"112,757,300.00",272.38,272.90,265.00,966
07/24/2023,269.06,"137,005,000.00",255.85,269.85,254.12,965
07/21/2023,260.02,"161,796,100.00",268.00,268.00,255.80,964
07/20/2023,262.90,"175,158,300.00",279.56,280.93,261.20,963
07/19/2023,291.26,"142,355,400.00",296.04,299.29,289.52,962
07/18/2023,293.34,"112,434,700.00",290.15,295.26,286.01,961
07/17/2023,290.38,"131,569,600.00",286.63,292.23,283.57,960
07/14/2023,281.38,"120,062,400.00",277.01,285.30,276.31,959
07/13/2023,277.90,"112,681,500.00",274.59,279.45,270.60,958
07/12/2023,271.99,"95,672,140.00",276.33,276.52,271.46,957
07/11/2023,269.79,"91,972,360.00",268.65,270.90,266.37,956
07/10/2023,269.61,"119,425,400.00",276.47,277.52,265.10,955
07/07/2023,274.43,"113,879,200.00",278.43,280.78,273.77,954
07/06/2023,276.54,"120,707,400.00",278.09,279.97,272.88,953
07/05/2023,282.48,"131,530,900.00",278.82,283.85,277.60,952
07/03/2023,279.82,"118,999,000.00",276.49,284.25,275.11,951
06/30/2023,261.77,"112,620,800.00",260.60,264.45,259.89,950
06/29/2023,257.50,"131,283,400.00",258.03,260.74,253.61,949
06/28/2023,256.24,"159,770,800.00",249.70,259.88,248.89,948
06/27/2023,250.21,"164,968,200.00",243.24,250.39,240.85,947
06/26/2023,241.05,"179,990,600.00",250.07,258.37,240.70,946
06/23/2023,256.60,"177,460,800.00",259.29,262.45,252.80,945
06/22/2023,264.61,"166,875,900.00",250.77,265.00,248.25,944
06/21/2023,259.46,"211,797,100.00",275.13,276.99,257.78,943
06/20/2023,274.45,"165,611,200.00",261.50,274.75,261.12,942
06/16/2023,260.54,"167,915,600.00",258.92,263.60,257.21,941
06/15/2023,255.90,"160,171,200.00",248.40,258.95,247.29,940
06/14/2023,256.79,"170,575,500.00",260.17,261.57,250.50,939
06/13/2023,258.71,"162,384,300.00",253.51,259.68,251.34,938
06/12/2023,249.83,"150,740,500.00",247.94,250.97,244.59,937
06/09/2023,244.40,"200,242,400.00",249.07,252.42,242.02,936
06/08/2023,234.86,"164,489,700.00",224.22,235.23,223.01,935
06/07/2023,224.57,"185,710,800.00",228.00,230.83,223.20,934
06/06/2023,221.31,"146,911,600.00",216.14,221.91,212.53,933
06/05/2023,217.61,"151,143,100.00",217.80,221.29,214.52,932
06/02/2023,213.97,"164,398,400.00",210.15,217.25,209.75,931
06/01/2023,207.52,"148,029,900.00",202.59,209.80,199.37,930
05/31/2023,203.93,"150,711,700.00",199.78,203.95,195.12,929
05/30/2023,201.16,"128,818,700.00",200.10,204.48,197.53,928
05/26/2023,193.17,"162,061,500.00",184.62,198.60,184.53,927
05/25/2023,184.47,"96,870,720.00",186.54,186.78,180.58,926
05/24/2023,182.90,"137,605,100.00",182.23,184.22,178.22,925
05/23/2023,185.77,"156,952,100.00",186.20,192.96,185.26,924
05/22/2023,188.87,"132,001,400.00",180.70,189.32,180.11,923
05/19/2023,180.14,"136,196,700.00",177.17,181.95,176.31,922
05/18/2023,176.89,"109,520,300.00",174.22,177.06,172.45,921
05/17/2023,173.86,"125,473,600.00",168.41,174.50,167.19,920
05/16/2023,166.52,"98,288,790.00",165.65,169.52,164.35,919
05/15/2023,166.35,"105,592,500.00",167.66,169.76,164.55,918
05/12/2023,167.98,"157,849,600.00",176.07,177.38,167.23,917
05/11/2023,172.08,"103,889,900.00",168.70,173.57,166.79,916
05/10/2023,168.54,"119,840,700.00",172.55,174.43,166.68,915
05/09/2023,169.15,"88,965,040.00",168.95,169.82,166.56,914
05/08/2023,171.79,"112,249,400.00",173.72,173.80,169.19,913
05/05/2023,170.06,"107,607,300.00",163.97,170.79,163.51,912
05/04/2023,161.20,"95,108,490.00",162.71,162.95,159.65,911
05/03/2023,160.61,"119,728,000.00",160.01,165.00,159.91,910
05/02/2023,160.31,"128,259,700.00",161.88,165.49,158.93,909
05/01/2023,161.83,"109,015,000.00",163.17,163.28,158.83,908
04/28/2023,164.31,"122,515,800.00",160.90,165.00,157.32,907
04/27/2023,160.19,"127,015,200.00",152.64,160.48,152.37,906
04/26/2023,153.75,"153,364,100.00",160.29,160.67,153.14,905
04/25/2023,160.67,"121,999,300.00",159.82,163.47,158.75,904
04/24/2023,162.55,"140,006,600.00",164.65,165.65,158.61,903
04/21/2023,165.08,"123,539,000.00",164.80,166.00,161.32,902
04/20/2023,162.99,"210,970,800.00",166.17,169.70,160.56,901
04/19/2023,180.59,"125,732,700.00",179.10,183.50,177.65,900
04/18/2023,184.31,"92,067,020.00",187.15,187.69,183.58,899
04/17/2023,187.04,"116,662,200.00",186.32,189.69,182.69,898
04/14/2023,185.00,"96,438,660.00",183.95,186.28,182.01,897
04/13/2023,185.90,"112,933,000.00",182.96,186.50,180.94,896
04/12/2023,180.54,"150,256,300.00",190.74,191.58,180.31,895
04/11/2023,186.79,"115,770,900.00",186.69,189.19,185.65,894
04/10/2023,184.51,"142,154,600.00",179.94,185.10,176.11,893
04/06/2023,185.06,"123,857,900.00",183.08,186.39,179.74,892
04/05/2023,185.52,"133,882,500.00",190.52,190.68,183.76,891
04/04/2023,192.58,"126,463,800.00",197.32,198.74,190.32,890
04/03/2023,194.77,"169,545,900.00",199.91,202.69,192.20,889
03/31/2023,207.46,"170,222,100.00",197.53,207.79,197.20,888
03/30/2023,195.28,"110,252,200.00",195.58,197.33,194.42,887
03/29/2023,193.88,"123,660,000.00",193.13,195.29,189.44,886
03/28/2023,189.19,"98,654,640.00",192.00,192.35,185.43,885
03/27/2023,191.81,"120,851,600.00",194.42,197.39,189.94,884
03/24/2023,190.41,"116,531,600.00",191.65,192.36,187.15,883
03/23/2023,192.22,"144,193,900.00",195.26,199.31,188.65,882
03/22/2023,191.15,"150,376,400.00",199.30,200.66,190.95,881
03/21/2023,197.58,"153,391,400.00",188.28,198.00,188.04,880
03/20/2023,183.25,"129,684,400.00",178.08,186.44,176.35,879
03/17/2023,180.13,"133,197,100.00",184.52,186.22,177.33,878
03/16/2023,184.13,"121,374,500.00",180.37,185.81,178.84,877
03/15/2023,180.45,"145,995,600.00",180.80,182.34,176.03,876
03/14/2023,183.26,"143,717,900.00",177.31,183.80,177.14,875
03/13/2023,174.48,"167,790,300.00",167.46,177.35,163.91,874
03/10/2023,173.44,"191,488,900.00",175.13,178.29,168.44,873
03/09/2023,172.92,"170,023,800.00",180.25,185.18,172.51,872
03/08/2023,182.00,"151,897,800.00",185.04,186.50,180.00,871
03/07/2023,187.71,"148,125,800.00",191.38,194.20,186.10,870
03/06/2023,193.81,"128,100,100.00",198.54,198.60,192.30,869
03/03/2023,197.79,"154,193,300.00",194.80,200.48,192.88,868
03/02/2023,190.90,"181,979,200.00",186.74,193.75,186.01,867
03/01/2023,202.77,"156,852,800.00",206.21,207.20,198.52,866
02/28/2023,205.71,"153,144,900.00",210.59,211.23,203.75,865
02/27/2023,207.63,"161,028,300.00",202.03,209.42,201.26,864
02/24/2023,196.88,"142,228,100.00",196.33,197.67,192.80,863
02/23/2023,202.07,"146,360,000.00",203.91,205.14,196.33,862
02/22/2023,200.86,"191,828,500.00",197.93,201.99,191.78,861
02/21/2023,197.37,"180,018,600.00",204.99,209.71,197.22,860
02/17/2023,208.31,"213,738,500.00",199.99,208.44,197.50,859
02/16/2023,202.04,"229,586,500.00",210.78,217.65,201.84,858
02/15/2023,214.24,"182,108,600.00",211.76,214.66,206.11,857
02/14/2023,209.25,"216,455,700.00",191.94,209.82,189.44,856
02/13/2023,194.64,"172,475,500.00",194.42,196.30,187.61,855
02/10/2023,196.89,"204,754,100.00",202.23,206.20,192.89,854
02/09/2023,207.32,"215,431,400.00",207.78,214.00,204.77,853
02/08/2023,201.29,"180,673,600.00",196.10,203.00,194.31,852
02/07/2023,196.81,"186,010,300.00",196.43,197.50,189.55,851
02/06/2023,194.76,"186,188,100.00",193.01,198.17,189.92,850
02/03/2023,189.98,"232,662,000.00",183.95,199.00,183.69,849
02/02/2023,188.27,"217,448,300.00",187.33,196.75,182.61,848
02/01/2023,181.41,"213,806,300.00",173.89,183.81,169.93,847
01/31/2023,173.22,"196,813,500.00",164.57,174.30,162.78,846
01/30/2023,166.66,"230,878,800.00",178.05,179.77,166.50,845
01/27/2023,177.90,"306,590,600.00",162.43,180.68,161.17,844
01/26/2023,160.27,"234,815,100.00",159.97,161.42,154.76,843
01/25/2023,144.43,"192,734,300.00",141.91,146.41,138.07,842
01/24/2023,143.89,"158,699,100.00",143.00,146.50,141.10,841
01/23/2023,143.75,"203,119,200.00",135.87,145.38,134.27,840
01/20/2023,133.42,"138,858,100.00",128.68,133.51,127.35,839
01/19/2023,127.17,"170,291,900.00",127.26,129.99,124.31,838
01/18/2023,128.78,"195,680,300.00",136.56,136.68,127.01,837
01/17/2023,131.49,"186,477,000.00",125.70,131.70,125.02,836
01/13/2023,122.40,"180,714,100.00",116.55,122.63,115.60,835
01/12/2023,123.56,"169,400,900.00",122.56,124.13,117.00,834
01/11/2023,123.22,"183,810,800.00",122.09,125.95,120.51,833
01/10/2023,118.85,"167,642,500.00",121.07,122.76,114.92,832
01/09/2023,119.77,"190,284,000.00",118.96,123.52,117.11,831
01/06/2023,113.06,"220,911,100.00",103.00,114.39,101.81,830
01/05/2023,110.34,"157,986,300.00",110.51,111.75,107.16,829
01/04/2023,113.64,"180,389,000.00",109.11,114.59,107.52,828
01/03/2023,108.10,"231,402,800.00",118.47,118.80,104.64,827
12/30/2022,123.18,"157,777,300.00",119.95,124.48,119.75,826
12/29/2022,121.82,"221,923,300.00",120.39,123.57,117.50,825
12/28/2022,112.71,"221,070,500.00",110.35,116.27,108.24,824
12/27/2022,109.10,"208,643,400.00",117.50,119.67,108.76,823
12/23/2022,123.15,"166,989,700.00",126.37,128.62,121.02,822
12/22/2022,125.35,"210,090,300.00",136.00,136.63,122.26,821
12/21/2022,137.57,"145,417,400.00",139.34,141.26,135.89,820
12/20/2022,137.80,"159,563,300.00",146.05,148.47,137.66,819
12/19/2022,149.87,"139,390,600.00",154.00,155.25,145.82,818
12/16/2022,150.23,"139,032,200.00",159.64,160.99,150.04,817
12/15/2022,157.67,"122,334,500.00",153.44,160.93,153.28,816
12/14/2022,156.80,"140,682,300.00",159.25,161.62,155.31,815
12/13/2022,160.95,"175,862,700.00",174.87,175.05,156.91,814
12/12/2022,167.82,"109,794,500.00",176.10,177.37,167.52,813
12/09/2022,179.05,"104,872,300.00",173.84,182.50,173.36,812
12/08/2022,173.44,"97,624,490.00",172.20,175.20,169.06,811
12/07/2022,174.04,"84,213,280.00",175.03,179.38,172.22,810
12/06/2022,179.82,"92,150,820.00",181.22,183.65,175.33,809
12/05/2022,182.45,"93,122,670.00",189.44,191.27,180.55,808
12/02/2022,194.86,"73,645,920.00",191.78,196.25,191.11,807
12/01/2022,194.70,"80,046,210.00",197.08,198.92,191.80,806
11/30/2022,194.70,"109,186,400.00",182.43,194.76,180.63,805
11/29/2022,180.83,"83,357,110.00",184.99,186.38,178.75,804
11/28/2022,182.92,"93,038,150.00",179.96,188.50,179.00,803
11/25/2022,182.86,"50,672,740.00",185.06,185.20,180.63,802
11/23/2022,183.20,"109,536,700.00",173.57,183.62,172.50,801
11/22/2022,169.91,"78,452,330.00",168.63,170.92,166.19,800
11/21/2022,167.87,"92,882,710.00",175.85,176.77,167.54,799
11/18/2022,180.19,"76,048,870.00",185.05,185.19,176.55,798
11/17/2022,183.17,"64,335,970.00",183.96,186.16,180.90,797
11/16/2022,186.92,"66,567,600.00",191.51,192.57,185.66,796
11/15/2022,194.42,"91,293,790.00",195.88,200.82,192.06,795
11/14/2022,190.95,"92,226,650.00",192.77,195.73,186.34,794
11/11/2022,195.97,"114,403,600.00",186.00,196.52,182.59,793
11/10/2022,190.72,"132,703,000.00",189.90,191.00,180.03,792
11/09/2022,177.59,"127,062,700.00",190.78,195.89,177.12,791
11/08/2022,191.30,"128,803,400.00",194.02,195.20,186.75,790
11/07/2022,197.08,"93,916,520.00",208.65,208.90,196.66,789
11/04/2022,207.47,"98,622,210.00",222.60,223.80,203.08,788
11/03/2022,215.31,"56,538,850.00",211.36,221.20,210.14,787
11/02/2022,214.98,"63,070,290.00",226.04,227.87,214.82,786
11/01/2022,227.82,"62,688,820.00",234.05,237.40,227.28,785
10/31/2022,227.54,"61,554,340.00",226.19,229.85,221.94,784
10/28/2022,228.52,"69,152,390.00",225.40,228.86,216.35,783
10/27/2022,225.09,"61,638,820.00",229.77,233.81,222.85,782
10/26/2022,224.64,"85,327,080.00",219.40,230.60,218.20,781
10/25/2022,222.42,"96,507,870.00",210.10,224.35,210.00,780
10/24/2022,211.25,"100,446,800.00",205.82,213.50,198.59,779
10/21/2022,214.44,"75,713,750.00",206.42,214.66,203.80,778
10/20/2022,207.28,"117,798,100.00",208.28,215.55,202.00,777
10/19/2022,222.04,"66,571,480.00",219.80,222.93,217.78,776
10/18/2022,220.19,"75,891,910.00",229.50,229.82,217.25,775
10/17/2022,219.35,"79,428,810.00",210.04,221.86,209.45,774
10/14/2022,204.99,"94,124,510.00",224.01,226.26,204.16,773
10/13/2022,221.72,"91,483,050.00",208.30,222.99,206.22,772
10/12/2022,217.24,"66,860,700.00",215.33,219.30,211.51,771
10/11/2022,216.50,"77,013,200.00",220.95,225.75,215.00,770
10/10/2022,222.96,"67,925,020.00",223.93,226.99,218.36,769
10/07/2022,223.07,"83,916,800.00",233.94,234.57,222.02,768
10/06/2022,238.13,"69,298,440.00",239.44,244.58,235.35,767
10/05/2022,240.81,"86,982,670.00",245.01,246.67,233.27,766
10/04/2022,249.44,"109,578,500.00",250.52,257.50,242.01,765
10/03/2022,242.40,"98,363,540.00",254.50,255.16,241.01,764
09/30/2022,265.25,"67,726,600.00",266.15,275.57,262.47,763
09/29/2022,268.21,"77,620,640.00",282.76,283.65,265.78,762
09/28/2022,287.81,"54,664,810.00",283.08,289.00,277.57,761
09/27/2022,282.94,"61,925,190.00",283.84,288.67,277.51,760
09/26/2022,276.01,"58,076,910.00",271.83,284.09,270.31,759
09/23/2022,275.33,"63,748,360.00",283.09,284.50,272.82,758
09/22/2022,288.59,"70,545,410.00",299.86,301.29,285.82,757
09/21/2022,300.80,"62,555,660.00",308.29,313.80,300.63,756
09/20/2022,308.73,"61,642,780.00",306.91,313.33,305.58,755
09/19/2022,309.07,"60,231,160.00",300.09,309.84,297.80,754
09/16/2022,303.35,"87,087,790.00",299.61,303.71,295.60,753
09/15/2022,303.75,"64,795,520.00",301.83,309.12,300.72,752
09/14/2022,302.61,"72,628,650.00",292.24,306.00,291.64,751
09/13/2022,292.13,"68,229,620.00",292.90,297.40,290.40,750
09/12/2022,304.42,"48,674,600.00",300.72,305.49,300.40,749
09/09/2022,299.68,"54,470,850.00",291.67,299.85,291.25,748
09/08/2022,289.26,"53,713,120.00",281.30,289.50,279.76,747
09/07/2022,283.70,"50,028,920.00",273.10,283.84,272.27,746
09/06/2022,274.42,"55,859,980.00",272.68,275.99,265.74,745
09/02/2022,270.21,"50,890,090.00",281.07,282.35,269.08,744
09/01/2022,277.16,"54,287,020.00",272.58,277.58,266.15,743
08/31/2022,275.61,"52,107,340.00",280.62,281.25,271.81,742
08/30/2022,277.70,"50,541,760.00",287.87,288.48,272.65,741
08/29/2022,284.82,"41,864,740.00",282.83,287.74,280.70,740
08/26/2022,288.09,"57,163,950.00",297.43,302.00,287.47,739
08/25/2022,296.07,"53,230,010.00",302.36,302.96,291.60,738
08/24/2022,297.10,"57,259,716.00",297.56,303.65,296.50,737
08/23/2022,296.45,"63,985,056.00",291.45,298.83,287.92,736
08/22/2022,289.91,"55,843,356.00",291.91,292.40,286.30,735
08/19/2022,296.67,"61,395,396.00",299.00,300.36,292.50,734
08/18/2022,302.87,"47,500,535.00",306.00,306.50,301.85,733
08/17/2022,304.00,"68,765,977.00",303.40,309.66,300.03,732
08/16/2022,306.56,"88,136,319.00",311.67,314.67,302.88,731
08/15/2022,309.32,"89,359,179.00",301.79,313.13,301.23,730
08/12/2022,300.03,"79,657,298.00",289.42,300.16,285.03,729
08/11/2022,286.63,"70,155,067.00",296.51,298.24,285.83,728
08/10/2022,294.36,"94,918,869.00",297.07,297.51,283.37,727
08/09/2022,283.33,"86,244,699.00",290.29,292.40,279.35,726
08/08/2022,290.42,"99,365,290.00",295.00,305.20,289.09,725
08/05/2022,288.17,"113,172,911.00",302.67,304.61,285.54,724
08/04/2022,308.63,"72,256,327.00",311.00,313.61,305.00,723
08/03/2022,307.40,"80,091,128.00",305.00,309.55,301.15,722
08/02/2022,300.59,"95,577,490.00",294.00,307.83,292.67,721
08/01/2022,297.28,"117,042,912.00",301.28,311.88,295.00,720
07/29/2022,297.15,"95,312,890.00",280.70,298.32,279.10,719
07/28/2022,280.90,"84,723,008.00",280.07,283.30,272.80,718
07/27/2022,274.82,"88,110,009.00",263.81,275.93,261.79,717
07/26/2022,258.86,"66,820,777.00",266.51,267.31,256.26,716
07/25/2022,268.43,"64,073,526.00",272.22,274.15,267.40,715
07/22/2022,272.24,"103,472,860.00",276.22,280.79,270.71,714
07/21/2022,271.71,"142,032,194.00",255.11,273.27,254.87,713
07/20/2022,247.50,"88,864,089.00",246.78,250.66,243.48,712
07/19/2022,245.53,"80,890,118.00",245.00,247.14,236.98,711
07/18/2022,240.55,"82,537,448.00",244.94,250.52,239.60,710
07/15/2022,240.07,"69,683,017.00",240.00,243.62,236.89,709
07/14/2022,238.31,"78,557,498.00",234.90,238.65,229.33,708
07/13/2022,237.04,"97,954,510.00",225.50,242.06,225.03,707
07/12/2022,233.07,"87,930,969.00",236.85,239.77,228.37,706
07/11/2022,234.34,"99,509,230.00",252.10,253.06,233.63,705
07/08/2022,250.76,"101,854,090.00",242.33,254.98,241.16,704
07/07/2022,244.54,"81,930,698.00",233.92,245.36,232.21,703
07/06/2022,231.73,"71,853,637.00",230.78,234.56,227.19,702
07/05/2022,233.07,"84,779,108.00",223.00,233.15,216.17,701
07/01/2022,227.26,"74,460,457.00",227.00,230.23,222.12,700
06/30/2022,224.47,"94,600,449.00",224.51,229.46,218.86,699
06/29/2022,228.49,"82,897,268.00",230.50,231.17,222.27,698
06/28/2022,232.66,"90,666,519.00",244.48,249.97,232.34,697
06/27/2022,244.92,"89,178,309.00",249.37,252.07,242.57,696
06/24/2022,245.71,"95,770,720.00",237.47,246.07,236.09,695
06/23/2022,235.07,"104,202,700.00",237.91,239.32,228.64,694
06/22/2022,236.09,"101,527,270.00",234.50,246.83,233.83,693
06/21/2022,237.04,"122,792,982.00",224.60,243.58,224.33,692
06/17/2022,216.76,"92,641,779.00",213.43,220.97,213.20,691
06/16/2022,213.10,"107,390,711.00",222.74,225.17,208.69,690
06/15/2022,233.00,"119,131,962.00",220.92,235.66,218.15,689
06/14/2022,220.89,"97,988,800.00",218.29,226.33,211.74,688
06/13/2022,215.74,"102,767,260.00",223.17,226.63,214.68,687
06/10/2022,232.23,"98,090,920.00",235.16,239.50,227.91,686
06/09/2022,239.71,"96,491,320.00",249.34,255.55,239.33,685
06/08/2022,241.87,"76,210,628.00",240.09,249.96,239.18,684
06/07/2022,238.89,"72,808,597.00",234.00,240.00,230.09,683
06/06/2022,238.28,"84,204,518.00",244.35,244.87,234.35,682
06/03/2022,234.52,"112,393,751.00",243.23,247.80,233.42,681
06/02/2022,258.33,"93,473,139.00",244.16,264.21,242.07,680
06/01/2022,246.79,"77,247,968.00",251.72,257.33,243.64,679
05/31/2022,252.75,"101,914,390.00",257.95,259.60,244.74,678
05/27/2022,253.21,"89,294,979.00",241.08,253.27,240.18,677
05/26/2022,235.91,"106,003,361.00",220.47,239.56,217.89,676
05/25/2022,219.60,"92,139,339.00",207.95,223.11,207.67,675
05/24/2022,209.39,"89,092,539.00",217.84,217.97,206.86,674
05/23/2022,224.97,"88,903,659.00",218.34,226.65,212.69,673
05/20/2022,221.30,"144,973,334.00",238.00,240.53,211.00,672
05/19/2022,236.47,"90,296,679.00",235.67,244.67,231.37,671
05/18/2022,236.60,"87,811,809.00",248.17,253.50,233.60,670
05/17/2022,253.87,"80,236,118.00",249.12,254.83,242.95,669
05/16/2022,241.46,"86,098,539.00",255.72,256.59,239.70,668
05/13/2022,256.53,"92,150,739.00",257.83,262.45,250.52,667
05/12/2022,242.67,"140,312,864.00",233.67,253.22,226.67,666
05/11/2022,244.67,"97,224,460.00",265.00,269.92,242.40,665
05/10/2022,266.68,"84,401,648.00",273.10,275.12,258.08,664
05/09/2022,262.37,"90,810,219.00",278.82,281.88,260.38,663
05/06/2022,288.55,"72,903,127.00",295.67,296.00,281.04,662
05/05/2022,291.09,"92,519,199.00",313.07,315.20,285.90,661
05/04/2022,317.54,"81,643,718.00",301.31,318.50,295.09,660
05/03/2022,303.08,"63,709,596.00",301.06,308.03,296.20,659
05/02/2022,300.98,"75,781,388.00",286.92,302.12,282.68,658
04/29/2022,290.25,"88,133,019.00",300.75,311.47,290.00,657
04/28/2022,292.50,"124,948,542.00",299.99,300.00,273.90,656
04/27/2022,293.84,"76,956,398.00",299.53,306.00,292.45,655
04/26/2022,292.14,"136,133,684.00",331.81,333.33,291.67,654
04/25/2022,332.67,"68,341,357.00",326.32,336.21,325.10,653
04/22/2022,335.02,"69,696,577.00",338.30,344.95,331.33,652
04/21/2022,336.26,"105,416,351.00",358.24,364.07,332.14,651
04/20/2022,325.73,"70,711,327.00",343.33,344.67,325.08,650
04/19/2022,342.72,"49,847,825.00",335.02,344.98,331.78,649
04/18/2022,334.76,"51,715,235.00",329.68,338.31,324.47,648
04/14/2022,328.33,"58,422,426.00",333.10,337.57,327.40,647
04/13/2022,340.79,"55,121,226.00",327.03,342.08,324.37,646
04/12/2022,328.98,"65,976,097.00",332.55,340.40,325.53,645
04/11/2022,325.31,"59,357,226.00",326.80,336.16,324.88,644
04/08/2022,341.83,"55,013,706.00",347.74,349.48,340.81,643
04/07/2022,352.42,"79,447,058.00",350.80,358.86,340.51,642
04/06/2022,348.59,"89,348,559.00",357.82,359.67,342.57,641
04/05/2022,363.75,"80,075,018.00",378.77,384.29,362.43,640
04/04/2022,381.82,"82,177,718.00",363.13,383.30,357.51,639
04/01/2022,361.53,"54,263,225.00",360.38,364.92,355.55,638
03/31/2022,359.20,"48,992,765.00",364.86,367.71,358.88,637
03/30/2022,364.66,"59,865,006.00",363.72,371.32,361.33,636
03/29/2022,366.52,"73,614,817.00",369.33,371.59,357.70,635
03/28/2022,363.95,"102,506,080.00",355.03,365.96,351.20,634
03/25/2022,336.88,"62,031,546.00",336.00,340.60,332.44,633
03/24/2022,337.97,"68,920,897.00",336.58,341.50,329.60,632
03/23/2022,333.04,"120,676,152.00",326.65,346.90,325.47,631
03/22/2022,331.33,"105,868,571.00",310.00,332.62,307.25,630
03/21/2022,307.05,"81,981,668.00",304.99,314.28,302.36,629
03/18/2022,301.80,"100,414,210.00",291.50,302.62,289.13,628
03/17/2022,290.53,"66,582,967.00",277.00,291.67,275.24,627
03/16/2022,280.08,"84,028,838.00",269.67,280.67,267.42,626
03/15/2022,267.30,"66,841,147.00",258.42,268.52,252.19,625
03/14/2022,255.46,"71,152,267.00",260.20,266.90,252.01,624
03/11/2022,265.12,"67,037,167.00",280.07,281.27,264.59,623
03/10/2022,279.43,"58,648,656.00",283.82,284.82,270.12,622
03/09/2022,286.32,"59,183,976.00",279.83,286.85,277.34,621
03/08/2022,274.80,"80,399,108.00",265.18,283.33,260.72,620
03/07/2022,268.19,"72,494,167.00",285.43,288.71,268.19,619
03/04/2022,279.43,"67,179,877.00",283.03,285.22,275.05,618
03/03/2022,279.76,"61,623,516.00",292.92,295.48,277.53,617
03/02/2022,293.30,"74,643,457.00",290.71,295.49,281.42,616
03/01/2022,288.12,"74,766,877.00",289.89,296.63,284.59,615
02/28/2022,290.14,"99,006,880.00",271.67,292.29,271.57,614
02/25/2022,269.96,"76,067,768.00",269.74,273.17,260.80,613
02/24/2022,266.92,"135,322,304.00",233.46,267.49,233.33,612
02/23/2022,254.68,"95,257,030.00",276.81,278.43,253.52,611
02/22/2022,273.84,"83,288,198.00",278.04,285.58,267.03,610
02/18/2022,285.66,"68,501,857.00",295.33,295.62,279.20,609
02/17/2022,292.12,"55,178,436.00",304.42,306.17,291.37,608
02/16/2022,307.80,"51,294,395.00",304.68,308.81,300.40,607
02/15/2022,307.48,"57,649,536.00",300.00,307.67,297.79,606
02/14/2022,291.92,"67,756,417.00",287.19,299.63,284.38,605
02/11/2022,286.67,"79,645,868.00",303.21,305.32,283.57,604
02/10/2022,301.52,"66,126,847.00",302.79,314.60,298.90,603
02/09/2022,310.67,"52,259,555.00",311.67,315.42,306.67,602
02/08/2022,307.33,"50,729,015.00",301.84,308.76,298.27,601
02/07/2022,302.45,"60,994,476.00",307.93,315.92,300.90,600
02/04/2022,307.77,"73,625,467.00",299.07,312.17,293.72,599
02/03/2022,297.05,"78,855,578.00",294.00,312.33,293.51,598
02/02/2022,301.89,"66,793,057.00",309.39,310.50,296.47,597
02/01/2022,310.42,"73,138,357.00",311.74,314.57,301.67,596
01/31/2022,312.24,"104,436,100.00",290.90,312.66,287.35,595
01/28/2022,282.12,"134,788,963.00",277.19,285.83,264.00,594
01/27/2022,276.37,"147,109,575.00",311.12,311.80,276.33,593
01/26/2022,312.47,"104,867,290.00",317.48,329.23,302.00,592
01/25/2022,306.13,"86,595,909.00",304.73,317.09,301.07,591
01/24/2022,310.00,"152,375,145.00",301.59,311.17,283.82,590
01/21/2022,314.63,"103,416,040.00",332.11,334.85,313.50,589
01/20/2022,332.09,"70,488,757.00",336.58,347.22,331.33,588
01/19/2022,331.88,"75,442,508.00",347.24,351.56,331.67,587
01/18/2022,343.50,"66,989,407.00",342.20,356.93,338.69,586
01/14/2022,349.87,"72,924,427.00",339.96,350.67,337.79,585
01/13/2022,343.85,"97,209,790.00",369.69,371.87,342.18,584
01/12/2022,368.74,"83,739,038.00",359.62,371.61,357.53,583
01/11/2022,354.80,"66,063,217.00",351.22,358.62,346.27,582
01/10/2022,352.71,"91,814,889.00",333.33,353.03,326.67,581
01/07/2022,342.32,"84,164,768.00",360.12,360.31,336.67,580
01/06/2022,354.90,"90,336,489.00",359.00,362.67,340.17,579
01/05/2022,362.71,"80,119,808.00",382.22,390.11,360.34,578
01/04/2022,383.20,"100,248,280.00",396.52,402.67,374.35,577
01/03/2022,399.93,"104,686,060.00",382.58,400.36,378.68,576
12/31/2021,352.26,"40,733,644.00",357.81,360.67,351.53,575
12/30/2021,356.78,"47,040,935.00",353.78,365.18,351.05,574
12/29/2021,362.06,"56,154,066.00",366.21,368.00,354.71,573
12/28/2021,362.82,"60,323,916.00",369.83,373.00,359.47,572
12/27/2021,364.65,"71,145,817.00",357.89,372.33,356.91,571
12/23/2021,355.67,"92,713,299.00",335.60,357.66,332.52,570
12/22/2021,336.29,"93,634,089.00",321.89,338.55,319.02,569
12/21/2021,312.84,"71,517,937.00",305.62,313.17,295.37,568
12/20/2021,299.98,"56,480,016.00",303.57,307.23,297.80,567
12/17/2021,310.86,"100,880,260.00",304.92,320.22,303.01,566
12/16/2021,308.97,"82,771,448.00",331.50,331.66,307.28,565
12/15/2021,325.33,"75,169,238.00",317.74,326.25,309.42,564
12/14/2021,319.50,"70,806,277.00",315.00,322.14,310.00,563
12/13/2021,322.14,"78,595,508.00",333.70,335.00,317.14,562
12/10/2021,339.01,"59,664,366.00",336.25,340.33,327.51,561
12/09/2021,334.60,"59,438,496.00",353.55,354.16,334.12,560
12/08/2021,356.32,"41,906,374.00",350.90,357.46,344.33,559
12/07/2021,350.58,"56,084,586.00",348.07,352.56,342.27,558
12/06/2021,336.34,"81,663,128.00",333.84,340.55,316.83,557
12/03/2021,338.32,"92,322,009.00",361.60,363.53,333.40,556
12/02/2021,361.53,"73,114,867.00",366.35,371.00,352.22,555
12/01/2021,365.00,"68,804,107.00",386.90,390.95,363.59,554
11/30/2021,381.59,"81,276,128.00",381.46,389.33,372.67,553
11/29/2021,379.00,"58,393,416.00",367.00,380.89,366.73,552
11/26/2021,360.64,"35,042,674.00",366.49,369.59,360.33,551
11/24/2021,372.00,"67,680,727.00",360.13,377.59,354.00,550
11/23/2021,369.68,"108,515,111.00",389.17,393.50,354.23,549
11/22/2021,385.62,"99,217,540.00",387.44,400.65,377.48,548
11/19/2021,379.02,"64,926,786.00",366.29,379.57,364.23,547
11/18/2021,365.46,"62,696,796.00",368.85,370.67,358.34,546
11/17/2021,363.00,"94,336,119.00",354.50,373.21,351.83,545
11/16/2021,351.58,"79,627,088.00",334.44,352.40,334.06,544
11/15/2021,337.80,"104,326,960.00",339.21,343.99,326.20,543
11/12/2021,344.47,"76,719,458.00",349.17,351.50,339.73,542
11/11/2021,354.50,"67,189,717.00",367.59,368.32,351.56,541
11/10/2021,355.98,"128,408,173.00",336.80,359.37,329.10,540
11/09/2021,341.17,"177,317,538.00",391.20,391.50,337.17,539
11/08/2021,387.65,"100,337,170.00",383.26,399.00,377.67,538
11/05/2021,407.36,"64,886,436.00",409.33,413.29,402.67,537
11/04/2021,409.97,"76,192,238.00",411.47,414.50,405.67,536
11/03/2021,404.62,"103,885,570.00",392.44,405.13,384.21,535
11/02/2021,390.67,"128,213,413.00",386.45,402.86,382.00,534
11/01/2021,402.86,"168,146,177.00",381.67,403.25,372.89,533
10/29/2021,371.33,"89,755,269.00",360.62,371.74,357.74,532
10/28/2021,359.01,"81,639,518.00",356.10,360.33,351.40,531
10/27/2021,345.95,"115,579,392.00",346.55,356.96,343.59,530
10/26/2021,339.48,"187,244,929.00",341.56,364.98,333.81,529
10/25/2021,341.62,"188,556,319.00",316.84,348.34,314.73,528
10/22/2021,303.23,"68,642,527.00",298.50,303.33,296.99,527
10/21/2021,298.00,"94,444,359.00",285.33,300.00,285.17,526
10/20/2021,288.60,"42,096,154.00",288.45,289.83,285.79,525
10/19/2021,288.09,"52,143,395.00",292.51,292.65,287.50,524
10/18/2021,290.04,"72,621,727.00",283.93,291.75,283.82,523
10/15/2021,281.01,"56,773,716.00",274.58,281.07,274.12,522
10/14/2021,272.77,"36,741,514.00",271.83,273.42,271.12,521
10/13/2021,270.36,"42,360,244.00",270.16,271.80,268.59,520
10/12/2021,268.57,"66,060,127.00",266.98,270.77,265.52,519
10/11/2021,263.98,"42,600,964.00",262.55,267.08,261.83,518
10/08/2021,261.83,"50,215,805.00",265.40,265.46,260.30,517
10/07/2021,264.54,"57,587,346.00",261.82,268.33,261.13,516
10/06/2021,260.92,"43,898,314.00",258.73,262.22,257.74,515
10/05/2021,260.20,"55,297,896.00",261.60,265.77,258.07,514
10/04/2021,260.51,"91,450,029.00",265.50,268.99,258.71,513
10/01/2021,258.41,"51,094,235.00",259.47,260.26,254.53,512
09/30/2021,258.49,"53,867,885.00",260.33,263.04,258.33,511
09/29/2021,260.44,"62,828,646.00",259.93,264.50,256.89,510
09/28/2021,259.19,"76,144,268.00",262.40,265.21,255.39,509
09/27/2021,263.79,"84,211,988.00",257.71,266.33,256.44,508
09/24/2021,258.13,"64,119,066.00",248.63,258.27,248.19,507
09/23/2021,251.21,"35,842,594.00",251.67,252.73,249.31,506
09/22/2021,250.65,"45,378,815.00",247.84,251.22,246.37,505
09/21/2021,246.46,"48,992,165.00",244.93,248.25,243.48,504
09/20/2021,243.39,"74,272,957.00",244.85,247.33,239.54,503
09/17/2021,253.16,"84,612,548.00",252.38,253.68,250.00,502
09/16/2021,252.33,"41,770,174.00",250.94,252.97,249.20,501
09/15/2021,251.94,"46,073,075.00",248.33,252.29,246.12,500
09/14/2021,248.16,"55,574,646.00",247.52,251.49,245.47,499
09/13/2021,247.67,"68,857,447.00",246.74,248.26,236.28,498
09/10/2021,245.42,"45,552,515.00",253.20,254.20,244.84,497
09/09/2021,251.62,"42,233,194.00",251.14,254.03,250.54,496
09/08/2021,251.29,"56,379,126.00",253.86,254.82,246.92,495
09/07/2021,250.97,"60,119,496.00",246.67,253.40,246.42,494
09/03/2021,244.52,"45,813,155.00",244.08,244.67,241.40,493
09/02/2021,244.13,"38,390,224.00",244.83,246.99,243.51,492
09/01/2021,244.70,"39,613,024.00",244.69,247.33,243.76,491
08/31/2021,245.24,"62,566,326.00",244.33,246.80,242.15,490
08/30/2021,243.64,"55,812,666.00",238.24,243.67,237.58,489
08/27/2021,237.31,"41,501,284.00",235.00,238.33,234.03,488
08/26/2021,233.72,"39,642,874.00",236.10,238.47,232.54,487
08/25/2021,237.07,"37,936,684.00",235.68,238.99,234.67,486
08/24/2021,236.16,"39,249,214.00",236.89,238.41,234.21,485
08/23/2021,235.43,"60,794,586.00",228.48,237.38,226.92,484
08/20/2021,226.75,"44,525,614.00",227.62,230.71,224.57,483
08/19/2021,224.49,"42,940,474.00",226.07,228.85,222.53,482
08/18/2021,229.66,"61,048,146.00",223.25,231.92,223.12,481
08/17/2021,221.90,"71,163,847.00",224.22,224.86,216.28,480
08/16/2021,228.72,"69,309,907.00",235.02,236.50,225.47,479
08/13/2021,239.06,"50,194,415.00",241.24,243.30,238.11,478
08/12/2021,240.75,"53,045,075.00",235.45,240.93,233.13,477
08/11/2021,235.94,"29,401,677.00",237.57,238.39,234.74,476
08/10/2021,236.66,"40,296,934.00",238.00,238.86,233.96,475
08/09/2021,237.92,"44,146,054.00",236.72,239.68,235.04,474
08/06/2021,233.03,"46,869,155.00",237.30,238.78,232.54,473
08/05/2021,238.21,"38,758,924.00",238.67,240.32,237.14,472
08/04/2021,236.97,"51,007,955.00",237.00,241.63,236.31,471
08/03/2021,236.58,"64,860,756.00",239.67,240.88,233.67,470
08/02/2021,236.56,"100,847,320.00",233.33,242.31,232.80,469
07/30/2021,229.07,"88,969,239.00",223.92,232.51,223.00,468
07/29/2021,225.78,"91,183,929.00",216.60,227.90,216.27,467
07/28/2021,215.66,"48,019,805.00",215.67,218.32,213.13,466
07/27/2021,214.93,"98,439,880.00",221.13,222.17,209.08,465
07/26/2021,219.21,"76,009,688.00",216.99,222.73,215.70,464
07/23/2021,214.46,"43,814,824.00",215.45,216.27,212.43,463
07/22/2021,216.42,"45,317,195.00",218.81,220.72,214.87,462
07/21/2021,218.43,"41,860,024.00",219.87,221.62,216.76,461
07/20/2021,220.17,"46,461,395.00",217.33,220.80,213.50,460
07/19/2021,215.41,"63,891,276.00",209.96,215.73,207.10,459
07/16/2021,214.74,"49,112,915.00",218.23,218.90,214.07,458
07/15/2021,216.87,"60,628,716.00",219.46,222.05,212.63,457
07/14/2021,217.79,"64,923,576.00",223.58,226.20,217.61,456
07/13/2021,222.85,"62,898,276.00",228.77,231.09,222.10,455
07/12/2021,228.57,"77,781,128.00",220.73,229.08,220.72,454
07/09/2021,218.98,"54,421,655.00",217.73,219.64,214.90,453
07/08/2021,217.60,"68,319,967.00",209.46,218.14,206.82,452
07/07/2021,214.88,"56,375,886.00",221.42,221.90,212.77,451
07/06/2021,219.86,"69,853,357.00",227.24,228.00,217.13,450
07/02/2021,226.30,"81,292,118.00",226.33,233.33,224.42,449
07/01/2021,225.97,"55,903,566.00",227.97,229.33,224.27,448
06/30/2021,226.57,"56,774,586.00",226.59,230.94,226.05,447
06/29/2021,226.92,"52,143,935.00",228.22,229.17,225.30,446
06/28/2021,229.57,"64,884,486.00",223.88,231.57,223.44,445
06/25/2021,223.96,"97,490,140.00",229.86,231.27,222.90,444
06/24/2021,226.61,"137,947,184.00",225.00,232.54,222.54,443
06/23/2021,218.86,"93,297,699.00",210.67,219.07,210.01,442
06/22/2021,207.90,"57,476,676.00",206.08,209.52,205.17,441
06/21/2021,206.94,"74,438,227.00",208.16,210.46,202.96,440
06/18/2021,207.77,"73,682,737.00",204.46,209.45,203.93,439
06/17/2021,205.53,"68,104,057.00",200.63,207.16,200.45,438
06/16/2021,201.62,"66,432,397.00",199.18,202.83,197.83,437
06/15/2021,199.79,"53,292,455.00",205.56,205.60,199.41,436
06/14/2021,205.90,"61,271,946.00",204.08,208.50,203.06,435
06/11/2021,203.30,"48,615,905.00",203.41,204.19,200.51,434
06/10/2021,203.37,"71,758,837.00",201.29,205.53,200.17,433
06/09/2021,199.59,"49,753,715.00",200.72,203.93,199.21,432
06/08/2021,201.20,"78,160,238.00",207.67,207.70,198.50,431
06/07/2021,201.71,"67,631,047.00",197.28,203.33,194.29,430
06/04/2021,199.68,"72,110,707.00",193.24,200.20,192.40,429
06/03/2021,190.95,"90,335,679.00",200.60,201.52,190.41,428
06/02/2021,201.71,"69,908,347.00",206.71,207.79,199.71,427
06/01/2021,207.97,"54,254,675.00",209.27,211.27,206.85,426
05/28/2021,208.41,"68,211,127.00",209.50,211.86,207.46,425
05/27/2021,210.28,"79,111,778.00",206.75,210.38,205.40,424
05/26/2021,206.38,"85,917,939.00",202.52,208.72,200.50,423
05/25/2021,201.56,"84,017,798.00",202.44,204.66,198.57,422
05/24/2021,202.15,"103,674,280.00",193.87,204.83,191.22,421
05/21/2021,193.63,"78,091,808.00",198.70,198.89,193.33,420
05/20/2021,195.59,"92,463,369.00",191.67,196.28,190.36,419
05/19/2021,187.82,"118,735,212.00",184.18,188.74,182.33,418
05/18/2021,192.62,"110,491,721.00",189.33,198.75,187.79,417
05/17/2021,192.28,"96,743,410.00",191.85,196.58,187.07,416
05/14/2021,196.58,"100,112,590.00",194.47,197.62,190.15,415
05/13/2021,190.56,"132,554,773.00",200.52,202.15,186.55,414
05/12/2021,196.63,"101,470,960.00",200.83,206.80,195.59,413
05/11/2021,205.73,"139,511,714.00",199.75,209.03,198.53,412
05/10/2021,209.68,"94,177,269.00",221.63,221.68,209.20,411
05/07/2021,224.12,"70,407,517.00",221.93,230.00,220.07,410
05/06/2021,221.18,"83,353,868.00",226.92,227.01,216.67,409
05/05/2021,223.65,"65,705,677.00",227.02,228.43,222.45,408
05/04/2021,224.53,"89,217,969.00",226.31,227.82,219.23,407
05/03/2021,228.30,"81,129,428.00",234.60,235.33,226.83,406
04/30/2021,236.48,"122,276,172.00",222.53,238.49,222.05,405
04/29/2021,225.67,"86,536,359.00",233.17,234.08,222.83,404
04/28/2021,231.47,"66,813,157.00",232.14,236.17,231.20,403
04/27/2021,234.91,"88,311,009.00",239.32,241.33,234.45,402
04/26/2021,246.07,"93,115,509.00",247.00,249.77,244.20,401
04/23/2021,243.13,"85,241,679.00",239.93,245.79,238.49,400
04/22/2021,239.90,"106,770,791.00",247.17,251.26,239.35,399
04/21/2021,248.04,"93,646,539.00",234.92,248.28,232.67,398
04/20/2021,239.66,"106,827,131.00",239.14,245.75,236.90,397
04/19/2021,238.21,"119,058,702.00",239.87,241.80,230.60,396
04/16/2021,246.59,"83,938,598.00",242.88,249.80,241.53,395
04/15/2021,246.28,"83,546,708.00",247.70,247.90,240.44,394
04/14/2021,244.08,"147,052,305.00",256.90,260.26,242.68,393
04/13/2021,254.11,"133,958,443.00",237.57,254.33,236.89,392
04/12/2021,233.99,"87,407,019.00",228.57,234.93,227.36,391
04/09/2021,225.67,"64,311,276.00",225.92,226.99,223.14,390
04/08/2021,227.93,"71,772,997.00",225.79,229.85,223.88,389
04/07/2021,223.66,"78,928,298.00",229.00,230.46,222.61,388
04/06/2021,230.54,"84,815,528.00",230.10,232.18,227.12,387
04/05/2021,230.35,"125,528,323.00",235.90,236.05,228.23,386
04/01/2021,220.58,"105,895,151.00",229.46,230.81,219.81,385
03/31/2021,222.64,"100,011,880.00",215.54,224.00,213.70,384
03/30/2021,211.87,"118,297,092.00",200.58,212.55,197.00,383
03/29/2021,203.76,"85,910,979.00",205.21,205.49,198.67,382
03/26/2021,206.24,"101,558,500.00",213.96,214.61,199.96,381
03/25/2021,213.46,"117,674,562.00",204.33,215.17,203.17,380
03/24/2021,210.09,"101,385,520.00",222.64,222.67,210.04,379
03/23/2021,220.72,"91,475,619.00",225.26,225.93,219.17,378
03/22/2021,223.33,"118,536,672.00",228.20,233.21,222.92,377
03/19/2021,218.29,"128,681,953.00",215.53,219.08,208.21,376
03/18/2021,217.72,"100,107,070.00",228.10,229.74,217.33,375
03/17/2021,233.94,"121,117,362.00",218.96,234.58,217.00,374
03/16/2021,225.63,"96,587,020.00",234.45,235.97,223.67,373
03/15/2021,235.98,"88,270,449.00",231.36,237.73,228.01,372
03/12/2021,231.24,"100,751,530.00",223.33,231.63,222.05,371
03/11/2021,233.20,"108,761,681.00",233.13,234.17,225.73,370
03/10/2021,222.69,"181,817,028.00",233.43,239.28,218.35,369
03/09/2021,224.53,"202,570,010.00",202.73,226.03,198.40,368
03/08/2021,187.67,"155,360,896.00",200.18,206.71,186.26,367
03/05/2021,199.32,"268,189,407.00",208.69,209.28,179.83,366
03/04/2021,207.15,"197,758,610.00",218.60,291.31,200.00,365
03/03/2021,217.73,"90,623,889.00",229.33,233.57,217.24,364
03/02/2021,228.81,"71,196,487.00",239.43,240.37,228.33,363
03/01/2021,239.48,"81,408,728.00",230.04,290.67,228.35,362
02/26/2021,225.17,"123,267,522.00",233.33,235.57,219.84,361
02/25/2021,227.41,"117,071,592.00",242.05,245.74,223.53,360
02/24/2021,247.34,"110,300,861.00",237.28,248.33,231.39,359
02/23/2021,232.95,"199,820,660.00",220.71,237.87,206.33,358
02/22/2021,238.17,"111,809,171.00",254.21,256.17,236.73,357
02/19/2021,260.43,"56,874,786.00",265.00,265.60,259.12,356
02/18/2021,262.46,"53,871,185.00",260.30,264.90,258.76,355
02/17/2021,266.05,"78,236,708.00",259.70,266.61,254.00,354
02/16/2021,265.41,"59,406,966.00",272.67,273.67,264.15,353
02/12/2021,272.04,"71,304,937.00",267.09,272.44,261.78,352
02/11/2021,270.55,"64,868,256.00",270.81,276.63,267.24,351
02/10/2021,268.27,"108,648,281.00",281.21,281.61,266.67,350
02/09/2021,283.15,"45,472,955.00",285.04,286.60,280.58,349
02/08/2021,287.81,"60,485,166.00",289.89,292.59,284.92,348
02/05/2021,284.08,"55,699,926.00",281.67,288.26,279.66,347
02/04/2021,283.33,"47,437,985.00",285.00,285.50,277.81,346
02/03/2021,284.90,"55,030,536.00",292.34,292.69,284.35,345
02/02/2021,290.93,"73,038,637.00",281.56,293.50,280.73,344
02/01/2021,279.94,"76,174,178.00",271.43,280.67,265.19,343
01/29/2021,264.51,"104,972,260.00",276.67,280.80,260.03,342
01/28/2021,278.48,"79,134,158.00",273.33,282.67,267.00,341
01/27/2021,288.05,"82,001,888.00",290.12,297.17,286.22,340
01/26/2021,294.36,"69,394,807.00",297.13,298.63,290.53,339
01/25/2021,293.60,"123,520,212.00",285.00,300.13,279.61,338
01/22/2021,282.21,"60,199,506.00",278.10,282.67,276.21,337
01/21/2021,281.66,"61,794,396.00",285.00,285.24,280.47,336
01/20/2021,283.48,"76,997,648.00",286.25,286.50,279.09,335
01/19/2021,281.52,"76,100,948.00",279.27,283.33,277.67,334
01/15/2021,275.39,"116,332,812.00",284.00,286.63,273.03,333
01/14/2021,281.67,"93,798,999.00",281.13,287.67,279.58,332
01/13/2021,284.80,"99,937,510.00",284.25,286.82,277.33,331
01/12/2021,283.15,"138,812,174.00",277.00,289.33,275.78,330
01/11/2021,270.40,"178,662,468.00",283.13,284.81,267.87,329
01/08/2021,293.34,"225,166,613.00",285.33,294.83,279.46,328
01/07/2021,272.01,"154,496,865.00",259.21,272.33,258.40,327
01/06/2021,251.99,"134,099,923.00",252.83,258.00,249.70,326
01/05/2021,245.04,"96,735,520.00",241.22,246.95,239.73,325
01/04/2021,243.26,"145,914,585.00",239.82,248.16,239.06,324
12/31/2020,235.22,"148,949,805.00",233.33,239.57,230.37,323
12/30/2020,231.59,"128,538,073.00",224.00,232.20,222.79,322
12/29/2020,222.00,"68,732,437.00",220.33,223.30,218.33,321
12/28/2020,221.23,"96,835,690.00",224.84,227.13,220.27,320
12/24/2020,220.59,"68,596,717.00",214.33,222.03,213.67,319
12/23/2020,215.33,"99,518,920.00",210.73,217.17,207.52,318
12/22/2020,213.45,"155,584,936.00",216.00,216.63,204.74,317
12/21/2020,216.62,"174,135,797.00",222.08,222.83,215.36,316
12/18/2020,231.67,"666,378,667.00",222.97,231.67,209.51,315
12/17/2020,218.63,"168,810,437.00",209.40,219.61,206.50,314
12/16/2020,207.59,"126,287,443.00",209.41,210.83,201.67,313
12/15/2020,211.08,"135,670,694.00",214.43,215.63,207.93,312
12/14/2020,213.28,"156,121,966.00",206.33,214.25,203.40,311
12/11/2020,203.33,"139,424,924.00",205.00,208.00,198.93,310
12/10/2020,209.02,"201,249,470.00",191.46,209.25,188.78,309
12/09/2020,201.49,"213,873,591.00",217.90,218.11,196.00,308
12/08/2020,216.63,"192,795,109.00",208.50,217.09,206.17,307
12/07/2020,213.92,"168,929,147.00",201.64,216.26,201.02,306
12/04/2020,199.68,"88,203,939.00",197.00,199.68,195.17,305
12/03/2020,197.79,"127,656,013.00",196.67,199.66,194.14,304
12/02/2020,189.61,"143,326,964.00",185.48,190.51,180.40,303
12/01/2020,194.92,"121,148,502.00",199.20,199.28,190.68,302
11/30/2020,189.20,"189,009,169.00",200.74,202.60,184.84,301
11/27/2020,195.25,"112,683,251.00",193.72,199.59,192.82,300
11/25/2020,191.33,"146,790,495.00",183.35,191.33,181.79,299
11/24/2020,185.13,"160,945,486.00",180.13,186.66,175.40,298
11/23/2020,173.95,"150,780,915.00",167.83,175.33,167.26,297
11/20/2020,163.20,"98,735,770.00",166.00,167.50,163.02,296
11/19/2020,166.42,"187,426,069.00",164.00,169.54,162.52,295
11/18/2020,162.21,"234,132,083.00",149.45,165.33,147.83,294
11/17/2020,147.20,"183,564,858.00",153.39,154.00,144.34,293
11/16/2020,136.03,"80,515,928.00",136.31,137.48,134.70,292
11/13/2020,136.17,"59,491,056.00",136.95,137.51,133.89,291
11/12/2020,137.25,"59,821,506.00",138.35,141.00,136.51,290
11/11/2020,139.04,"52,073,165.00",138.82,139.57,136.86,289
11/10/2020,136.79,"90,852,669.00",140.03,140.03,132.01,288
11/09/2020,140.42,"104,499,100.00",146.50,150.83,140.33,287
11/06/2020,143.32,"65,118,037.00",145.37,145.52,141.43,286
11/05/2020,146.03,"85,243,569.00",142.77,146.67,141.33,285
11/04/2020,140.33,"96,429,190.00",143.54,145.13,139.03,284
11/03/2020,141.30,"103,055,170.00",136.58,142.59,135.56,283
11/02/2020,133.50,"87,063,369.00",131.33,135.66,130.77,282
10/30/2020,129.35,"127,762,933.00",135.63,135.86,126.37,281
10/29/2020,136.94,"67,965,937.00",136.65,139.35,135.49,280
10/28/2020,135.34,"76,354,238.00",138.83,139.53,135.33,279
10/27/2020,141.56,"68,059,537.00",141.25,143.50,140.03,278
10/26/2020,140.09,"84,717,488.00",137.21,141.92,136.67,277
10/23/2020,140.21,"101,150,950.00",140.61,140.96,135.79,276
10/22/2020,141.93,"119,979,582.00",147.31,148.41,141.50,275
10/21/2020,140.88,"97,111,390.00",140.90,144.32,140.42,274
10/20/2020,140.65,"94,968,879.00",143.92,143.92,139.68,273
10/19/2020,143.61,"108,863,531.00",148.75,149.00,142.96,272
10/16/2020,146.56,"98,327,650.00",151.48,151.98,146.28,271
10/15/2020,149.63,"107,017,061.00",150.10,152.19,147.50,270
10/14/2020,153.77,"144,136,184.00",149.93,155.30,149.12,269
10/13/2020,148.88,"103,391,020.00",147.78,149.63,145.53,268
10/12/2020,147.43,"116,373,402.00",147.33,149.58,146.19,267
10/09/2020,144.67,"86,776,989.00",143.38,144.86,142.15,266
10/08/2020,141.97,"121,263,372.00",146.15,146.33,141.77,265
10/07/2020,141.77,"129,383,143.00",139.96,143.30,137.95,264
10/06/2020,137.99,"147,438,795.00",141.26,142.93,135.35,263
10/05/2020,141.89,"134,168,383.00",141.12,144.55,139.78,262
10/02/2020,138.36,"214,290,111.00",140.46,146.38,138.33,261
10/01/2020,149.39,"152,224,365.00",146.92,149.63,144.81,260
09/30/2020,143.00,"144,436,724.00",140.44,144.64,140.16,259
09/29/2020,139.69,"151,024,215.00",138.67,142.83,137.20,258
09/28/2020,140.40,"149,158,695.00",141.54,142.69,138.52,257
09/25/2020,135.78,"201,625,400.00",131.16,136.24,130.43,256
09/24/2020,129.26,"289,683,209.00",121.27,133.17,117.10,255
09/23/2020,126.79,"285,222,569.00",135.05,137.38,125.29,254
09/22/2020,141.41,"238,742,424.00",143.20,145.92,139.20,253
09/21/2020,149.80,"328,430,433.00",151.04,151.89,135.69,252
09/18/2020,147.38,"259,220,486.00",149.31,150.33,142.93,251
09/17/2020,141.14,"230,337,503.00",138.53,145.93,136.00,250
09/16/2020,147.25,"217,640,302.00",146.62,152.60,145.10,249
09/15/2020,149.92,"291,894,719.00",145.52,153.98,143.57,248
09/14/2020,139.87,"249,061,855.00",126.98,140.00,124.43,247
09/11/2020,124.24,"182,152,398.00",127.31,127.50,120.17,246
09/10/2020,123.78,"254,791,855.00",128.74,133.00,120.19,245
09/09/2020,122.09,"238,397,334.00",118.87,123.00,113.84,244
09/08/2020,110.07,"346,397,135.00",118.67,122.91,109.96,243
09/04/2020,139.44,"330,965,733.00",134.27,142.67,124.01,242
09/03/2020,135.67,"262,788,296.00",135.74,143.93,134.00,241
09/02/2020,149.12,"288,528,419.00",159.66,159.68,135.04,240
09/01/2020,158.35,"270,358,287.00",167.38,167.50,156.84,239
08/31/2020,166.11,"355,123,236.00",148.20,166.71,146.70,238
08/28/2020,147.56,"301,217,549.00",153.01,154.57,145.77,237
08/27/2020,149.25,"355,395,422.00",145.36,153.04,142.83,236
08/26/2020,143.54,"213,590,593.00",137.33,144.40,136.91,235
08/25/2020,134.89,"159,883,270.00",131.66,135.20,131.20,234
08/24/2020,134.28,"300,954,150.00",141.75,141.93,128.50,233
08/21/2020,136.67,"322,343,239.00",136.32,139.70,135.00,232
08/20/2020,133.46,"309,176,845.00",124.05,134.80,123.80,231
08/19/2020,125.24,"183,079,858.00",124.33,127.40,122.75,230
08/18/2020,125.81,"247,117,226.00",126.60,128.26,123.01,229
08/17/2020,122.38,"303,634,648.00",111.80,123.06,111.52,228
08/14/2020,110.05,"188,664,056.00",111.00,111.25,108.44,227
08/13/2020,108.07,"306,379,497.00",107.40,110.08,104.48,226
08/12/2020,103.65,"328,482,286.00",98.00,105.67,95.67,225
08/11/2020,91.63,"129,387,445.00",93.07,94.67,91.00,224
08/10/2020,94.57,"112,833,904.00",96.53,97.17,92.39,223
08/07/2020,96.85,"133,446,233.00",99.97,99.98,94.33,222
08/06/2020,99.31,"89,884,650.00",99.39,101.15,98.48,221
08/05/2020,99.00,"74,670,188.00",99.53,99.99,97.89,220
08/04/2020,99.13,"126,224,787.00",99.67,101.83,97.47,219
08/03/2020,99.00,"132,140,124.00",96.61,100.65,96.29,218
07/31/2020,95.38,"183,704,308.00",101.00,101.14,94.73,217
07/30/2020,99.17,"114,315,528.00",99.20,100.88,98.07,216
07/29/2020,99.94,"141,403,324.00",100.07,102.32,99.13,215
07/28/2020,98.43,"237,130,381.00",100.27,104.31,98.29,214
07/27/2020,102.64,"240,729,930.00",95.67,103.20,94.20,213
07/24/2020,94.47,"290,949,155.00",94.40,97.67,91.10,212
07/23/2020,100.87,"364,927,318.00",111.93,112.60,98.72,211
07/22/2020,106.16,"212,416,094.00",106.60,108.43,104.13,210
07/21/2020,104.56,"242,359,079.00",109.33,111.67,103.87,209
07/20/2020,109.53,"256,820,422.00",101.27,110.00,99.20,208
07/17/2020,100.06,"139,949,510.00",100.90,102.50,99.33,207
07/16/2020,100.04,"214,511,743.00",98.48,102.11,97.73,206
07/15/2020,103.07,"245,517,327.00",102.87,103.33,97.13,205
07/14/2020,101.12,"351,271,924.00",103.73,106.00,95.40,204
07/13/2020,99.80,"584,780,108.00",110.60,119.67,98.07,203
07/10/2020,102.98,"350,063,075.00",93.07,103.26,91.73,202
07/09/2020,92.95,"175,763,912.00",93.13,93.90,90.09,201
07/08/2020,91.06,"244,669,528.00",93.67,94.48,87.42,200
07/07/2020,92.66,"322,344,739.00",93.67,95.30,89.11,199
07/06/2020,91.44,"308,547,746.00",85.11,91.85,84.40,198
07/02/2020,80.58,"258,751,671.00",81.43,81.87,79.04,197
07/01/2020,74.64,"199,903,400.00",72.20,75.69,72.03,196
06/30/2020,71.99,"253,777,373.00",67.10,72.51,66.92,195
06/29/2020,67.29,"135,395,992.00",64.60,67.33,63.23,194
06/26/2020,63.98,"132,823,554.00",66.32,66.33,63.66,193
06/25/2020,65.73,"138,818,166.00",63.62,65.73,62.48,192
06/24/2020,64.06,"164,393,768.00",66.27,66.73,63.54,191
06/23/2020,66.79,"95,479,017.00",66.59,67.47,66.27,190
06/22/2020,66.29,"95,435,202.00",66.66,67.26,66.00,189
06/19/2020,66.73,"130,196,170.00",67.52,67.73,66.09,188
06/18/2020,66.93,"146,278,967.00",66.87,67.95,66.30,187
06/17/2020,66.12,"148,361,926.00",65.85,67.00,65.50,186
06/16/2020,65.48,"210,766,095.00",67.46,67.53,64.16,185
06/15/2020,66.06,"235,457,582.00",61.19,66.59,60.57,184
06/12/2020,62.35,"251,450,424.00",65.33,65.87,60.84,183
06/11/2020,64.86,"238,747,081.00",66.01,67.93,64.80,182
06/10/2020,68.34,"278,451,011.00",66.13,68.50,65.50,181
06/09/2020,62.71,"170,822,165.00",62.67,63.63,61.60,180
06/08/2020,63.33,"212,620,844.00",61.27,63.33,60.61,179
06/05/2020,59.04,"117,178,696.00",58.52,59.10,57.75,178
06/04/2020,57.63,"133,315,628.00",59.33,59.72,57.23,177
06/03/2020,58.86,"119,241,975.00",59.21,59.86,58.67,176
06/02/2020,58.77,"203,483,898.00",59.65,60.58,58.07,175
06/01/2020,59.87,"226,279,387.00",57.20,59.93,56.94,174
05/29/2020,55.67,"177,187,261.00",53.92,55.67,53.61,173
05/28/2020,53.72,"109,136,555.00",54.23,54.98,53.45,172
05/27/2020,54.68,"173,242,863.00",54.72,55.18,52.33,171
05/26/2020,54.59,"121,345,979.00",55.63,55.64,54.38,170
05/22/2020,54.46,"149,812,050.00",54.81,55.45,54.13,169
05/21/2020,55.17,"183,818,608.00",54.40,55.50,53.07,168
05/20/2020,54.37,"109,639,010.00",54.70,55.07,54.12,167
05/19/2020,53.87,"144,547,758.00",54.34,54.80,53.74,166
05/18/2020,54.24,"175,471,412.00",55.19,55.65,53.59,165
05/15/2020,53.28,"157,776,371.00",52.69,53.67,52.44,164
05/14/2020,53.56,"205,232,747.00",52.00,53.56,50.93,163
05/13/2020,52.73,"285,982,207.00",54.72,55.07,50.89,162
05/12/2020,53.96,"238,603,531.00",55.13,56.22,53.87,161
05/11/2020,54.09,"247,793,876.00",52.70,54.93,52.33,160
05/08/2020,54.63,"241,951,229.00",52.92,54.93,52.47,159
05/07/2020,52.00,"172,915,264.00",51.81,53.09,51.49,158
05/06/2020,52.17,"166,848,367.00",51.77,52.65,50.74,157
05/05/2020,51.21,"254,874,773.00",52.65,53.26,50.81,156
05/04/2020,50.75,"288,556,206.00",46.73,50.80,46.53,155
05/01/2020,46.75,"487,976,906.00",50.33,51.52,45.54,154
04/30/2020,52.13,"427,077,536.00",57.01,57.99,50.90,153
04/29/2020,53.37,"243,239,578.00",52.68,53.55,52.21,152
04/28/2020,51.27,"228,329,286.00",53.04,53.67,50.45,151
04/27/2020,53.25,"310,221,445.00",49.17,53.30,49.00,150
04/24/2020,48.34,"198,564,051.00",47.39,48.72,46.55,149
04/23/2020,47.04,"198,550,401.00",48.51,48.93,46.88,148
04/22/2020,48.81,"213,372,343.00",46.93,48.93,45.91,147
04/21/2020,45.78,"303,136,198.00",48.67,50.22,44.92,146
04/20/2020,49.76,"221,195,439.00",48.85,51.04,47.48,145
04/17/2020,50.26,"196,923,352.00",51.49,51.66,49.84,144
04/16/2020,49.68,"309,867,745.00",47.80,50.63,47.11,143
04/15/2020,48.66,"353,654,823.00",49.47,50.21,47.33,142
04/14/2020,47.33,"458,647,421.00",46.60,49.46,46.16,141
04/13/2020,43.40,"337,131,131.00",39.34,43.47,38.70,140
04/09/2020,38.20,"204,749,898.00",37.47,38.35,37.14,139
04/08/2020,36.59,"189,840,205.00",36.95,37.15,35.56,138
04/07/2020,36.36,"268,796,566.00",36.33,37.67,35.49,137
04/06/2020,34.42,"223,527,488.00",34.08,34.73,33.20,136
04/03/2020,32.00,"338,431,031.00",33.97,34.37,31.23,135
04/02/2020,30.30,"297,876,301.00",32.07,32.95,29.76,134
04/01/2020,32.10,"200,297,600.00",33.60,34.26,31.67,133
03/31/2020,34.93,"266,572,217.00",33.42,36.20,33.13,132
03/30/2020,33.48,"179,970,960.00",34.02,34.44,32.75,131
03/27/2020,34.29,"215,661,042.00",33.67,35.05,32.94,130
03/26/2020,35.21,"261,331,069.00",36.49,37.33,34.15,129
03/25/2020,35.95,"318,341,091.00",36.35,37.13,34.07,128
03/24/2020,33.67,"343,427,378.00",31.82,34.25,31.60,127
03/23/2020,28.95,"246,818,127.00",28.91,29.47,27.37,126
03/20/2020,28.50,"424,282,288.00",29.21,31.80,28.39,125
03/19/2020,28.51,"452,931,674.00",24.98,30.13,23.90,124
03/18/2020,24.08,"356,792,222.00",25.93,26.99,23.37,123
03/17/2020,28.68,"359,918,520.00",29.33,31.46,26.40,122
03/16/2020,29.67,"307,341,746.00",31.30,32.99,29.48,121
03/13/2020,36.44,"339,603,580.00",39.67,40.50,33.47,120
03/12/2020,37.37,"283,635,608.00",38.73,39.63,36.42,119
03/11/2020,42.28,"201,203,749.00",42.68,43.57,40.87,118
03/10/2020,43.02,"233,916,483.00",43.96,44.53,40.53,117
03/09/2020,40.53,"256,105,972.00",40.36,44.20,40.33,116
03/06/2020,46.90,"189,943,705.00",46.00,47.13,45.62,115
03/05/2020,48.30,"162,789,819.00",48.25,49.72,47.87,114
03/04/2020,49.97,"225,734,587.00",50.93,51.10,48.32,113
03/03/2020,49.70,"386,759,807.00",53.67,53.80,47.74,112
03/02/2020,49.57,"302,924,699.00",47.42,49.58,45.78,111
02/28/2020,44.53,"368,462,366.00",41.98,46.03,40.77,110
02/27/2020,45.27,"364,157,218.00",48.67,49.32,44.60,109
02/26/2020,51.92,"212,307,494.00",52.17,54.22,51.74,108
02/25/2020,53.33,"259,357,070.00",56.60,57.11,52.47,107
02/24/2020,55.59,"227,882,286.00",55.93,57.57,54.81,106
02/21/2020,60.07,"215,091,642.00",60.47,60.87,58.70,105
02/20/2020,59.96,"264,523,218.00",60.80,60.80,57.33,104
02/19/2020,61.16,"381,344,209.00",61.57,62.99,60.07,103
02/18/2020,57.23,"250,475,425.00",56.11,57.33,55.49,102
02/14/2020,53.34,"235,405,532.00",52.48,54.20,52.37,101
02/13/2020,53.60,"394,340,053.00",49.46,54.53,49.00,100
02/12/2020,51.15,"180,336,960.00",51.86,52.65,50.89,99
02/11/2020,51.63,"175,461,962.00",51.25,52.23,50.53,98
02/10/2020,51.42,"370,337,215.00",53.33,54.67,50.16,97
02/07/2020,49.87,"255,952,672.00",48.70,51.32,48.67,96
02/06/2020,49.93,"598,210,951.00",46.66,53.06,45.80,95
02/05/2020,48.98,"726,357,237.00",54.88,56.40,46.94,94
02/04/2020,59.14,"914,080,943.00",58.86,64.60,55.59,93
02/03/2020,52.00,"708,502,146.00",44.91,52.41,44.90,92
01/31/2020,43.37,"235,788,932.00",42.67,43.53,42.17,91
01/30/2020,42.72,"435,084,982.00",42.16,43.39,41.20,90
01/29/2020,38.73,"273,249,913.00",38.38,39.32,37.83,89
01/28/2020,37.79,"176,827,262.00",37.90,38.45,37.21,88
01/27/2020,37.20,"204,120,948.00",36.13,37.63,35.95,87
01/24/2020,37.65,"215,303,892.00",38.04,38.26,36.95,86
01/23/2020,38.15,"294,765,453.00",37.62,38.80,37.04,85
01/22/2020,37.97,"470,535,215.00",38.13,39.63,37.27,84
01/21/2020,36.48,"267,051,916.00",35.35,36.57,35.23,83
01/17/2020,34.03,"204,435,948.00",33.84,34.38,33.54,82
01/16/2020,34.23,"326,049,587.00",32.92,34.30,32.81,81
01/15/2020,34.57,"260,532,320.00",35.32,35.86,34.45,80
01/14/2020,35.86,"435,920,482.00",36.28,36.49,34.99,79
01/13/2020,34.99,"399,518,050.00",32.90,35.04,32.80,78
01/10/2020,31.88,"194,652,353.00",32.12,32.33,31.58,77
01/09/2020,32.09,"426,947,637.00",33.14,33.25,31.52,76
01/08/2020,32.81,"467,990,616.00",31.58,33.23,31.22,75
01/07/2020,31.27,"273,136,963.00",30.76,31.44,30.22,74
01/06/2020,30.10,"152,362,424.00",29.36,30.10,29.33,73
01/03/2020,29.53,"266,920,367.00",29.37,30.27,29.13,72
01/02/2020,28.68,"143,375,718.00",28.30,28.71,28.11,71
12/31/2019,27.89,"154,386,823.00",27.00,28.09,26.81,70
12/30/2019,27.65,"189,018,955.00",28.59,28.60,27.28,69
12/27/2019,28.69,"149,352,330.00",29.00,29.02,28.41,68
12/26/2019,28.73,"159,724,270.00",28.53,28.90,28.42,67
12/24/2019,28.35,"120,820,740.00",27.89,28.36,27.51,66
12/23/2019,27.95,"199,992,200.00",27.45,28.13,27.33,65
12/20/2019,27.04,"221,778,039.00",27.35,27.53,26.68,64
12/19/2019,26.94,"271,804,514.00",26.49,27.12,26.43,63
12/18/2019,26.21,"212,045,744.00",25.38,26.35,25.37,62
12/17/2019,25.27,"127,556,561.00",25.27,25.70,25.06,61
12/16/2019,25.43,"273,313,963.00",24.17,25.57,24.17,60
12/13/2019,23.89,"98,614,166.00",24.07,24.35,23.64,59
12/12/2019,23.98,"116,643,107.00",23.66,24.18,23.55,58
12/11/2019,23.51,"103,787,378.00",23.46,23.81,23.41,57
12/10/2019,23.26,"132,599,199.00",22.66,23.38,22.62,56
12/09/2019,22.64,"135,603,187.00",22.44,22.96,22.34,55
12/06/2019,22.39,"114,283,998.00",22.33,22.59,22.32,54
12/05/2019,22.02,"56,054,612.00",22.19,22.29,21.82,53
12/04/2019,22.20,"83,043,783.00",22.52,22.52,22.19,52
12/03/2019,22.41,"99,202,090.00",22.17,22.53,22.15,51
12/02/2019,22.32,"91,229,744.00",21.96,22.43,21.91,50
11/29/2019,22.00,"36,984,417.00",22.07,22.08,21.83,49
11/27/2019,22.09,"83,451,843.00",22.07,22.26,21.90,48
11/26/2019,21.93,"119,343,525.00",22.35,22.37,21.81,47
11/25/2019,22.42,"185,186,457.00",22.95,22.97,22.30,46
11/22/2019,22.20,"253,059,473.00",22.68,22.73,22.00,45
11/21/2019,23.66,"91,650,149.00",23.63,24.06,23.60,44
11/20/2019,23.48,"101,009,424.00",24.00,24.08,23.30,43
11/19/2019,23.97,"116,041,112.00",23.45,24.00,23.19,42
11/18/2019,23.33,"66,127,542.00",23.53,23.54,23.07,41
11/15/2019,23.48,"72,188,409.00",23.38,23.52,23.22,40
11/14/2019,23.29,"97,075,496.00",23.07,23.59,22.86,39
11/13/2019,23.07,"127,017,881.00",23.67,23.76,23.01,38
11/12/2019,23.33,"110,390,690.00",23.13,23.36,22.94,37
11/11/2019,23.01,"149,905,260.00",22.93,23.28,22.80,36
11/08/2019,22.48,"91,113,269.00",22.30,22.50,22.17,35
11/07/2019,22.37,"217,010,141.00",21.94,22.77,21.87,34
11/06/2019,21.77,"119,113,920.00",21.20,21.78,20.97,33
11/05/2019,21.15,"104,151,203.00",21.31,21.57,21.07,32
11/04/2019,21.16,"131,805,534.00",20.99,21.46,20.62,31
11/01/2019,20.89,"95,758,887.00",21.09,21.10,20.65,30
10/31/2019,20.99,"76,004,302.00",20.87,21.27,20.87,29
10/30/2019,21.00,"144,627,078.00",20.87,21.25,20.66,28
10/29/2019,21.08,"190,263,955.00",21.33,21.62,20.98,27
10/28/2019,21.85,"283,054,208.00",21.84,22.72,21.51,26
10/25/2019,21.88,"450,091,125.00",19.85,22.00,19.74,25
10/24/2019,19.98,"447,288,226.00",19.89,20.33,19.28,24
10/23/2019,16.98,"168,242,616.00",16.97,17.08,16.76,23
10/22/2019,17.04,"69,376,390.00",16.95,17.22,16.72,22
10/21/2019,16.90,"76,621,477.00",17.22,17.30,16.68,21
10/18/2019,17.13,"86,304,947.00",17.38,17.52,17.01,20
10/17/2019,17.46,"71,685,609.00",17.50,17.65,17.34,19
10/16/2019,17.32,"100,564,495.00",17.16,17.47,17.13,18
10/15/2019,17.19,"97,191,791.00",17.18,17.33,16.94,17
10/14/2019,17.13,"153,402,823.00",16.53,17.24,16.48,16
10/11/2019,16.53,"127,322,321.00",16.48,16.74,16.45,15
10/10/2019,16.32,"94,701,208.00",16.35,16.62,16.11,14
10/09/2019,16.30,"104,025,443.00",16.09,16.49,16.04,13
10/08/2019,16.00,"130,535,005.00",15.72,16.26,15.63,12
10/07/2019,15.85,"121,304,294.00",15.32,15.90,15.24,11
10/04/2019,15.43,"120,317,640.00",15.44,15.65,15.20,10
10/03/2019,15.54,"227,066,286.00",15.46,15.63,14.95,9
10/02/2019,16.21,"93,848,173.00",16.22,16.31,15.96,8
10/01/2019,16.31,"92,944,304.00",16.10,16.40,15.94,7
09/30/2019,16.06,"89,192,370.00",16.20,16.27,15.74,6
09/27/2019,16.14,"166,847,617.00",16.15,16.58,15.92,5
09/26/2019,16.17,"181,181,759.00",15.38,16.22,15.16,4
09/25/2019,15.25,"141,664,219.00",14.97,15.27,14.56,3
09/24/2019,14.88,"194,116,553.00",16.10,16.13,14.84,2
09/23/2019,16.08,"65,874,417.00",16.00,16.35,15.95,1
09/20/2019,16.04,"97,593,911.00",16.43,16.46,15.88,0